ncRNA_Name,ncRNA_Type,Drug_Name,DrugBank_ID,CID
A1BG-AS1,lncRNA,DOXORUBICIN,DB00997,31703
A2M-AS1,lncRNA,OXALIPLATIN,DB00526,6857599
A2M-AS1,lncRNA,FLUOROURACIL,DB00544,3385
A2M-AS1,lncRNA,TEMOZOLOMIDE,DB00853,5394
ABCA17P,lncRNA,TEMOZOLOMIDE,DB00853,5394
ABCC6P1,lncRNA,CISPLATIN,DB00515,5460033
ABCC6P2,lncRNA,GEMCITABINE,DB00441,60750
AC002044.1,lncRNA,OXALIPLATIN,DB00526,6857599
AC002044.1,lncRNA,FLUOROURACIL,DB00544,3385
AC002044.2,lncRNA,OXALIPLATIN,DB00526,6857599
AC002044.2,lncRNA,FLUOROURACIL,DB00544,3385
AC002398.1,lncRNA,GEMCITABINE,DB00441,60750
AC002401.2,lncRNA,GEMCITABINE,DB00441,60750
AC002401.3,lncRNA,GEMCITABINE,DB00441,60750
AC002470.1,lncRNA,FLUOROURACIL,DB00544,3385
AC002470.1,lncRNA,OXALIPLATIN,DB00526,6857599
AC002550.2,lncRNA,GEMCITABINE,DB00441,60750
AC002558.3,lncRNA,OXALIPLATIN,DB00526,6857599
AC002558.3,lncRNA,FLUOROURACIL,DB00544,3385
AC003070.1,lncRNA,GEMCITABINE,DB00441,60750
AC003965.2,lncRNA,GEMCITABINE,DB00441,60750
AC004080.1,lncRNA,GEMCITABINE,DB00441,60750
AC004160.1,lncRNA,GEMCITABINE,DB00441,60750
AC004231.1,lncRNA,GEMCITABINE,DB00441,60750
AC004466.3,lncRNA,GEMCITABINE,DB00441,60750
AC004825.2,lncRNA,GEMCITABINE,DB00441,60750
AC004832.5,lncRNA,GEMCITABINE,DB00441,60750
AC004854.2,lncRNA,OXALIPLATIN,DB00526,6857599
AC004854.2,lncRNA,FLUOROURACIL,DB00544,3385
AC004862.1,lncRNA,GEMCITABINE,DB00441,60750
AC005042.1,lncRNA,OXALIPLATIN,DB00526,6857599
AC005042.1,lncRNA,FLUOROURACIL,DB00544,3385
AC005062.1,lncRNA,GEMCITABINE,DB00441,60750
AC005072.1,lncRNA,FLUOROURACIL,DB00544,3385
AC005072.1,lncRNA,OXALIPLATIN,DB00526,6857599
AC005154.3,lncRNA,OXALIPLATIN,DB00526,6857599
AC005154.3,lncRNA,FLUOROURACIL,DB00544,3385
AC005180.2,lncRNA,GEMCITABINE,DB00441,60750
AC005225.2,lncRNA,GEMCITABINE,DB00441,60750
AC005256.1,lncRNA,GEMCITABINE,DB00441,60750
AC005256.1,lncRNA,FLUOROURACIL,DB00544,3385
AC005256.1,lncRNA,OXALIPLATIN,DB00526,6857599
AC005280.1,lncRNA,GEMCITABINE,DB00441,60750
AC005392.3,lncRNA,GEMCITABINE,DB00441,60750
AC005393.1,lncRNA,GEMCITABINE,DB00441,60750
AC005592.2,lncRNA,GEMCITABINE,DB00441,60750
AC005696.1,lncRNA,FLUOROURACIL,DB00544,3385
AC005696.1,lncRNA,OXALIPLATIN,DB00526,6857599
AC005821.1,lncRNA,GEMCITABINE,DB00441,60750
AC005899.6,lncRNA,FLUOROURACIL,DB00544,3385
AC005899.6,lncRNA,OXALIPLATIN,DB00526,6857599
AC005920.1,lncRNA,GEMCITABINE,DB00441,60750
AC005920.4,lncRNA,GEMCITABINE,DB00441,60750
AC006042.1,lncRNA,GEMCITABINE,DB00441,60750
AC006077.2,lncRNA,FLUOROURACIL,DB00544,3385
AC006077.2,lncRNA,OXALIPLATIN,DB00526,6857599
AC006205.2,lncRNA,GEMCITABINE,DB00441,60750
AC006273.1,lncRNA,GEMCITABINE,DB00441,60750
AC006273.1,lncRNA,OXALIPLATIN,DB00526,6857599
AC006273.1,lncRNA,FLUOROURACIL,DB00544,3385
AC006449.2,lncRNA,GEMCITABINE,DB00441,60750
AC006449.6,lncRNA,FLUOROURACIL,DB00544,3385
AC006449.6,lncRNA,OXALIPLATIN,DB00526,6857599
AC006538.1,lncRNA,GEMCITABINE,DB00441,60750
AC006557.1,lncRNA,GEMCITABINE,DB00441,60750
AC006960.3,lncRNA,GEMCITABINE,DB00441,60750
AC007038.1,lncRNA,FLUOROURACIL,DB00544,3385
AC007038.1,lncRNA,OXALIPLATIN,DB00526,6857599
AC007128.1,lncRNA,GEMCITABINE,DB00441,60750
AC007292.3,lncRNA,GEFITINIB,DB00317,123631
AC007298.2,lncRNA,GEMCITABINE,DB00441,60750
AC007423.1,lncRNA,GEMCITABINE,DB00441,60750
AC007495.1,lncRNA,GEMCITABINE,DB00441,60750
AC007497.1,lncRNA,GEMCITABINE,DB00441,60750
AC007637.1,lncRNA,OXALIPLATIN,DB00526,6857599
AC007637.1,lncRNA,FLUOROURACIL,DB00544,3385
AC007639.1,lncRNA,GEMCITABINE,DB00441,60750
AC007666.1,lncRNA,GEMCITABINE,DB00441,60750
AC007750.1,lncRNA,GEMCITABINE,DB00441,60750
AC007906.1,lncRNA,OXALIPLATIN,DB00526,6857599
AC007906.1,lncRNA,FLUOROURACIL,DB00544,3385
AC008443.1,lncRNA,OXALIPLATIN,DB00526,6857599
AC008443.1,lncRNA,FLUOROURACIL,DB00544,3385
AC008514.1,lncRNA,GEMCITABINE,DB00441,60750
AC008549.1,lncRNA,GEMCITABINE,DB00441,60750
AC008592.4,lncRNA,GEMCITABINE,DB00441,60750
AC008750.3,lncRNA,GEMCITABINE,DB00441,60750
AC008760.1,lncRNA,GEMCITABINE,DB00441,60750
AC008760.2,lncRNA,GEMCITABINE,DB00441,60750
AC008764.8,lncRNA,GEMCITABINE,DB00441,60750
AC008993.1,lncRNA,OXALIPLATIN,DB00526,6857599
AC008993.1,lncRNA,FLUOROURACIL,DB00544,3385
AC009093.5,lncRNA,GEMCITABINE,DB00441,60750
AC009097.2,lncRNA,GEMCITABINE,DB00441,60750
AC009148.1,lncRNA,GEMCITABINE,DB00441,60750
AC009159.3,lncRNA,GEMCITABINE,DB00441,60750
AC009166.1,lncRNA,GEMCITABINE,DB00441,60750
AC009269.5,lncRNA,GEMCITABINE,DB00441,60750
AC009318.3,lncRNA,FLUOROURACIL,DB00544,3385
AC009318.3,lncRNA,OXALIPLATIN,DB00526,6857599
AC009542.1,lncRNA,GEMCITABINE,DB00441,60750
AC009560.1,lncRNA,GEMCITABINE,DB00441,60750
AC009831.1,lncRNA,GEMCITABINE,DB00441,60750
AC009955.2,lncRNA,GEMCITABINE,DB00441,60750
AC009974.1,lncRNA,GEMCITABINE,DB00441,60750
AC010168.2,lncRNA,FLUOROURACIL,DB00544,3385
AC010168.2,lncRNA,OXALIPLATIN,DB00526,6857599
AC010201.2,lncRNA,GEMCITABINE,DB00441,60750
AC010273.2,lncRNA,GEMCITABINE,DB00441,60750
AC010280.2,lncRNA,GEMCITABINE,DB00441,60750
AC010336.2,lncRNA,GEMCITABINE,DB00441,60750
AC010524.1,lncRNA,GEMCITABINE,DB00441,60750
AC010615.2,lncRNA,GEMCITABINE,DB00441,60750
AC010649.1,lncRNA,GEFITINIB,DB00317,123631
AC010735.2,lncRNA,GEMCITABINE,DB00441,60750
AC010931.2,lncRNA,GEMCITABINE,DB00441,60750
AC010967.1,lncRNA,GEMCITABINE,DB00441,60750
AC011294.1,lncRNA,GEMCITABINE,DB00441,60750
AC011330.2,lncRNA,GEMCITABINE,DB00441,60750
AC011330.2,lncRNA,FLUOROURACIL,DB00544,3385
AC011330.2,lncRNA,OXALIPLATIN,DB00526,6857599
AC011352.1,lncRNA,GEMCITABINE,DB00441,60750
AC011352.3,lncRNA,GEMCITABINE,DB00441,60750
AC011365.1,lncRNA,GEMCITABINE,DB00441,60750
AC011462.4,lncRNA,GEMCITABINE,DB00441,60750
AC011481.1,lncRNA,GEMCITABINE,DB00441,60750
AC011498.2,lncRNA,FLUOROURACIL,DB00544,3385
AC011498.2,lncRNA,OXALIPLATIN,DB00526,6857599
AC011498.7,lncRNA,OXALIPLATIN,DB00526,6857599
AC011498.7,lncRNA,FLUOROURACIL,DB00544,3385
AC011558.1,lncRNA,FLUOROURACIL,DB00544,3385
AC011558.1,lncRNA,OXALIPLATIN,DB00526,6857599
AC011944.1,lncRNA,GEMCITABINE,DB00441,60750
AC012065.3,lncRNA,GEMCITABINE,DB00441,60750
AC012313.4,lncRNA,FLUOROURACIL,DB00544,3385
AC012313.4,lncRNA,OXALIPLATIN,DB00526,6857599
AC012313.9,lncRNA,GEMCITABINE,DB00441,60750
AC012358.1,lncRNA,GEMCITABINE,DB00441,60750
AC012358.1,lncRNA,OXALIPLATIN,DB00526,6857599
AC012358.1,lncRNA,FLUOROURACIL,DB00544,3385
AC012508.2,lncRNA,GEMCITABINE,DB00441,60750
AC012531.1,lncRNA,GEMCITABINE,DB00441,60750
AC012640.4,lncRNA,GEMCITABINE,DB00441,60750
AC015674.1,lncRNA,OXALIPLATIN,DB00526,6857599
AC015674.1,lncRNA,FLUOROURACIL,DB00544,3385
AC015908.3,lncRNA,GEMCITABINE,DB00441,60750
AC015917.2,lncRNA,GEMCITABINE,DB00441,60750
AC015921.1,lncRNA,GEMCITABINE,DB00441,60750
AC015987.1,lncRNA,GEMCITABINE,DB00441,60750
AC016924.1,lncRNA,GEMCITABINE,DB00441,60750
AC016999.1,lncRNA,GEMCITABINE,DB00441,60750
AC017002.3,lncRNA,GEMCITABINE,DB00441,60750
AC017083.2,lncRNA,GEMCITABINE,DB00441,60750
AC017083.2,lncRNA,OXALIPLATIN,DB00526,6857599
AC017083.2,lncRNA,FLUOROURACIL,DB00544,3385
AC017104.1,lncRNA,GEMCITABINE,DB00441,60750
AC018467.1,lncRNA,GEMCITABINE,DB00441,60750
AC018866.1,lncRNA,TEMOZOLOMIDE,DB00853,5394
AC018926.2,lncRNA,GEMCITABINE,DB00441,60750
AC018926.3,lncRNA,FLUOROURACIL,DB00544,3385
AC018926.3,lncRNA,OXALIPLATIN,DB00526,6857599
AC019064.1,lncRNA,CISPLATIN,DB00515,5460033
AC020659.1,lncRNA,GEMCITABINE,DB00441,60750
AC020661.1,lncRNA,GEMCITABINE,DB00441,60750
AC020765.2,lncRNA,OXALIPLATIN,DB00526,6857599
AC020765.2,lncRNA,FLUOROURACIL,DB00544,3385
AC020907.4,lncRNA,GEMCITABINE,DB00441,60750
AC020922.3,lncRNA,GEMCITABINE,DB00441,60750
AC020978.5,lncRNA,GEMCITABINE,DB00441,60750
AC021205.3,lncRNA,GEMCITABINE,DB00441,60750
AC021491.4,lncRNA,GEMCITABINE,DB00441,60750
AC021723.2,lncRNA,DOXORUBICIN,DB00997,31703
AC022028.2,lncRNA,GEMCITABINE,DB00441,60750
AC022413.1,lncRNA,FLUOROURACIL,DB00544,3385
AC022413.1,lncRNA,OXALIPLATIN,DB00526,6857599
AC022424.1,lncRNA,GEMCITABINE,DB00441,60750
AC022509.1,lncRNA,GEMCITABINE,DB00441,60750
AC022509.3,lncRNA,GEMCITABINE,DB00441,60750
AC022596.2,lncRNA,CISPLATIN,DB00515,5460033
AC022784.3,lncRNA,GEMCITABINE,DB00441,60750
AC022816.1,lncRNA,GEMCITABINE,DB00441,60750
AC022960.2,lncRNA,FLUOROURACIL,DB00544,3385
AC022960.2,lncRNA,OXALIPLATIN,DB00526,6857599
AC023090.1,lncRNA,GEMCITABINE,DB00441,60750
AC023301.1,lncRNA,GEMCITABINE,DB00441,60750
AC023302.1,lncRNA,GEMCITABINE,DB00441,60750
AC023421.2,lncRNA,GEMCITABINE,DB00441,60750
AC023908.3,lncRNA,GEMCITABINE,DB00441,60750
AC024145.1,lncRNA,GEMCITABINE,DB00441,60750
AC024361.2,lncRNA,GEMCITABINE,DB00441,60750
AC025031.5,lncRNA,OXALIPLATIN,DB00526,6857599
AC025031.5,lncRNA,FLUOROURACIL,DB00544,3385
AC025171.4,lncRNA,GEMCITABINE,DB00441,60750
AC025271.4,lncRNA,GEMCITABINE,DB00441,60750
AC025287.2,lncRNA,OXALIPLATIN,DB00526,6857599
AC025287.2,lncRNA,FLUOROURACIL,DB00544,3385
AC025569.1,lncRNA,OXALIPLATIN,DB00526,6857599
AC025569.1,lncRNA,FLUOROURACIL,DB00544,3385
AC025580.1,lncRNA,GEMCITABINE,DB00441,60750
AC025766.1,lncRNA,OXALIPLATIN,DB00526,6857599
AC025766.1,lncRNA,FLUOROURACIL,DB00544,3385
AC026202.2,lncRNA,GEMCITABINE,DB00441,60750
AC026356.1,lncRNA,GEMCITABINE,DB00441,60750
AC026356.1,lncRNA,OXALIPLATIN,DB00526,6857599
AC026356.1,lncRNA,FLUOROURACIL,DB00544,3385
AC026356.2,lncRNA,GEMCITABINE,DB00441,60750
AC026368.1,lncRNA,GEMCITABINE,DB00441,60750
AC026469.1,lncRNA,GEMCITABINE,DB00441,60750
AC026471.4,lncRNA,FLUOROURACIL,DB00544,3385
AC026471.4,lncRNA,OXALIPLATIN,DB00526,6857599
AC026740.1,lncRNA,GEMCITABINE,DB00441,60750
AC026992.1,lncRNA,GEMCITABINE,DB00441,60750
AC027228.2,lncRNA,GEMCITABINE,DB00441,60750
AC027288.3,lncRNA,GEMCITABINE,DB00441,60750
AC027307.2,lncRNA,FLUOROURACIL,DB00544,3385
AC027307.2,lncRNA,OXALIPLATIN,DB00526,6857599
AC027702.1,lncRNA,GEMCITABINE,DB00441,60750
AC036214.2,lncRNA,GEMCITABINE,DB00441,60750
AC037487.1,lncRNA,GEMCITABINE,DB00441,60750
AC048344.4,lncRNA,GEMCITABINE,DB00441,60750
AC055720.2,lncRNA,GEMCITABINE,DB00441,60750
AC060766.6,lncRNA,GEMCITABINE,DB00441,60750
AC068189.1,lncRNA,GEMCITABINE,DB00441,60750
AC068338.2,lncRNA,GEMCITABINE,DB00441,60750
AC068338.2,lncRNA,FLUOROURACIL,DB00544,3385
AC068338.2,lncRNA,OXALIPLATIN,DB00526,6857599
AC068790.6,lncRNA,OXALIPLATIN,DB00526,6857599
AC068790.6,lncRNA,FLUOROURACIL,DB00544,3385
AC068888.2,lncRNA,FLUOROURACIL,DB00544,3385
AC068888.2,lncRNA,OXALIPLATIN,DB00526,6857599
AC069120.1,lncRNA,GEMCITABINE,DB00441,60750
AC073283.1,lncRNA,GEMCITABINE,DB00441,60750
AC073283.1,lncRNA,OXALIPLATIN,DB00526,6857599
AC073283.1,lncRNA,FLUOROURACIL,DB00544,3385
AC073323.1,lncRNA,GEMCITABINE,DB00441,60750
AC073389.3,lncRNA,OXALIPLATIN,DB00526,6857599
AC073389.3,lncRNA,FLUOROURACIL,DB00544,3385
AC073592.1,lncRNA,GEMCITABINE,DB00441,60750
AC073842.1,lncRNA,GEMCITABINE,DB00441,60750
AC073842.2,lncRNA,GEMCITABINE,DB00441,60750
AC074124.1,lncRNA,GEMCITABINE,DB00441,60750
AC078778.1,lncRNA,GEMCITABINE,DB00441,60750
AC078850.1,lncRNA,GEMCITABINE,DB00441,60750
AC078883.3,lncRNA,CISPLATIN,DB00515,5460033
AC079598.1,lncRNA,GEMCITABINE,DB00441,60750
AC079684.1,lncRNA,OXALIPLATIN,DB00526,6857599
AC079684.1,lncRNA,FLUOROURACIL,DB00544,3385
AC079779.2,lncRNA,GEMCITABINE,DB00441,60750
AC080188.2,lncRNA,OXALIPLATIN,DB00526,6857599
AC080188.2,lncRNA,FLUOROURACIL,DB00544,3385
AC083841.1,lncRNA,GEMCITABINE,DB00441,60750
AC083880.1,lncRNA,OXALIPLATIN,DB00526,6857599
AC083880.1,lncRNA,FLUOROURACIL,DB00544,3385
AC083900.1,lncRNA,GEMCITABINE,DB00441,60750
AC084864.1,lncRNA,GEMCITABINE,DB00441,60750
AC087045.2,lncRNA,GEMCITABINE,DB00441,60750
AC087392.1,lncRNA,GEMCITABINE,DB00441,60750
AC087477.4,lncRNA,GEMCITABINE,DB00441,60750
AC087623.2,lncRNA,GEMCITABINE,DB00441,60750
AC087645.2,lncRNA,GEMCITABINE,DB00441,60750
AC089983.1,lncRNA,OXALIPLATIN,DB00526,6857599
AC089983.1,lncRNA,FLUOROURACIL,DB00544,3385
AC089999.2,lncRNA,FLUOROURACIL,DB00544,3385
AC089999.2,lncRNA,OXALIPLATIN,DB00526,6857599
AC090150.1,lncRNA,GEMCITABINE,DB00441,60750
AC090164.3,lncRNA,GEMCITABINE,DB00441,60750
AC090181.2,lncRNA,OXALIPLATIN,DB00526,6857599
AC090181.2,lncRNA,FLUOROURACIL,DB00544,3385
AC090181.3,lncRNA,OXALIPLATIN,DB00526,6857599
AC090181.3,lncRNA,FLUOROURACIL,DB00544,3385
AC090192.2,lncRNA,GEMCITABINE,DB00441,60750
AC090260.1,lncRNA,GEMCITABINE,DB00441,60750
AC090541.1,lncRNA,GEMCITABINE,DB00441,60750
AC090826.1,lncRNA,FLUOROURACIL,DB00544,3385
AC090826.1,lncRNA,OXALIPLATIN,DB00526,6857599
AC090921.1,lncRNA,GEMCITABINE,DB00441,60750
AC090948.1,lncRNA,FLUOROURACIL,DB00544,3385
AC090948.1,lncRNA,OXALIPLATIN,DB00526,6857599
AC091057.3,lncRNA,GEMCITABINE,DB00441,60750
AC091180.3,lncRNA,OXALIPLATIN,DB00526,6857599
AC091180.3,lncRNA,FLUOROURACIL,DB00544,3385
AC091271.1,lncRNA,FLUOROURACIL,DB00544,3385
AC091271.1,lncRNA,OXALIPLATIN,DB00526,6857599
AC091544.5,lncRNA,GEMCITABINE,DB00441,60750
AC091982.3,lncRNA,FLUOROURACIL,DB00544,3385
AC091982.3,lncRNA,OXALIPLATIN,DB00526,6857599
AC092071.1,lncRNA,GEMCITABINE,DB00441,60750
AC092111.1,lncRNA,GEMCITABINE,DB00441,60750
AC092117.1,lncRNA,GEMCITABINE,DB00441,60750
AC092135.3,lncRNA,FLUOROURACIL,DB00544,3385
AC092135.3,lncRNA,OXALIPLATIN,DB00526,6857599
AC092171.2,lncRNA,GEMCITABINE,DB00441,60750
AC092384.2,lncRNA,GEMCITABINE,DB00441,60750
AC092645.1,lncRNA,OXALIPLATIN,DB00526,6857599
AC092645.1,lncRNA,FLUOROURACIL,DB00544,3385
AC092651.2,lncRNA,FLUOROURACIL,DB00544,3385
AC092651.2,lncRNA,OXALIPLATIN,DB00526,6857599
AC092667.1,lncRNA,GEMCITABINE,DB00441,60750
AC092757.2,lncRNA,GEMCITABINE,DB00441,60750
AC092757.3,lncRNA,GEMCITABINE,DB00441,60750
AC092809.2,lncRNA,GEMCITABINE,DB00441,60750
AC093249.6,lncRNA,OXALIPLATIN,DB00526,6857599
AC093249.6,lncRNA,FLUOROURACIL,DB00544,3385
AC093297.2,lncRNA,GEMCITABINE,DB00441,60750
AC093323.3,lncRNA,GEFITINIB,DB00317,123631
AC093690.1,lncRNA,GEMCITABINE,DB00441,60750
AC096536.3,lncRNA,FLUOROURACIL,DB00544,3385
AC096536.3,lncRNA,OXALIPLATIN,DB00526,6857599
AC097468.3,lncRNA,OXALIPLATIN,DB00526,6857599
AC097468.3,lncRNA,FLUOROURACIL,DB00544,3385
AC097478.1,lncRNA,GEMCITABINE,DB00441,60750
AC097639.1,lncRNA,GEMCITABINE,DB00441,60750
AC099508.2,lncRNA,GEMCITABINE,DB00441,60750
AC099509.1,lncRNA,GEMCITABINE,DB00441,60750
AC099518.2,lncRNA,GEMCITABINE,DB00441,60750
AC099518.6,lncRNA,OXALIPLATIN,DB00526,6857599
AC099518.6,lncRNA,FLUOROURACIL,DB00544,3385
AC099521.2,lncRNA,GEMCITABINE,DB00441,60750
AC099552.1,lncRNA,GEMCITABINE,DB00441,60750
AC099684.1,lncRNA,GEMCITABINE,DB00441,60750
AC099684.2,lncRNA,GEMCITABINE,DB00441,60750
AC099792.1,lncRNA,GEMCITABINE,DB00441,60750
AC102953.2,lncRNA,GEMCITABINE,DB00441,60750
AC103564.1,lncRNA,GEMCITABINE,DB00441,60750
AC103740.1,lncRNA,GEMCITABINE,DB00441,60750
AC104170.1,lncRNA,GEMCITABINE,DB00441,60750
AC104785.1,lncRNA,GEMCITABINE,DB00441,60750
AC104794.2,lncRNA,FLUOROURACIL,DB00544,3385
AC104794.2,lncRNA,OXALIPLATIN,DB00526,6857599
AC104794.4,lncRNA,GEMCITABINE,DB00441,60750
AC104958.2,lncRNA,GEMCITABINE,DB00441,60750
AC104971.2,lncRNA,GEMCITABINE,DB00441,60750
AC105020.6,lncRNA,OXALIPLATIN,DB00526,6857599
AC105020.6,lncRNA,FLUOROURACIL,DB00544,3385
AC105105.2,lncRNA,GEMCITABINE,DB00441,60750
AC105105.3,lncRNA,GEMCITABINE,DB00441,60750
AC105219.1,lncRNA,GEMCITABINE,DB00441,60750
AC105219.2,lncRNA,GEMCITABINE,DB00441,60750
AC106028.2,lncRNA,OXALIPLATIN,DB00526,6857599
AC106028.2,lncRNA,FLUOROURACIL,DB00544,3385
AC107308.1,lncRNA,FLUOROURACIL,DB00544,3385
AC107308.1,lncRNA,OXALIPLATIN,DB00526,6857599
AC107464.1,lncRNA,GEMCITABINE,DB00441,60750
AC108134.1,lncRNA,GEMCITABINE,DB00441,60750
AC108463.3,lncRNA,GEMCITABINE,DB00441,60750
AC108673.2,lncRNA,GEMCITABINE,DB00441,60750
AC108676.1,lncRNA,GEMCITABINE,DB00441,60750
AC108752.1,lncRNA,GEMCITABINE,DB00441,60750
AC109361.2,lncRNA,GEMCITABINE,DB00441,60750
AC110048.2,lncRNA,GEMCITABINE,DB00441,60750
AC110491.1,lncRNA,GEMCITABINE,DB00441,60750
AC110597.1,lncRNA,GEMCITABINE,DB00441,60750
AC110597.1,lncRNA,FLUOROURACIL,DB00544,3385
AC110597.1,lncRNA,OXALIPLATIN,DB00526,6857599
AC112496.1,lncRNA,GEMCITABINE,DB00441,60750
AC114271.1,lncRNA,OXALIPLATIN,DB00526,6857599
AC114271.1,lncRNA,FLUOROURACIL,DB00544,3385
AC114488.1,lncRNA,GEMCITABINE,DB00441,60750
AC114810.1,lncRNA,GEMCITABINE,DB00441,60750
AC114947.2,lncRNA,GEMCITABINE,DB00441,60750
AC115619.1,lncRNA,GEMCITABINE,DB00441,60750
AC116036.2,lncRNA,GEMCITABINE,DB00441,60750
AC116337.3,lncRNA,GEMCITABINE,DB00441,60750
AC116407.2,lncRNA,GEMCITABINE,DB00441,60750
AC117383.1,lncRNA,TAMOXIFEN,DB00675,2733525
AC117503.2,lncRNA,FLUOROURACIL,DB00544,3385
AC117503.2,lncRNA,OXALIPLATIN,DB00526,6857599
AC119424.1,lncRNA,GEMCITABINE,DB00441,60750
AC120036.5,lncRNA,GEMCITABINE,DB00441,60750
AC120349.2,lncRNA,FLUOROURACIL,DB00544,3385
AC120349.2,lncRNA,OXALIPLATIN,DB00526,6857599
AC120498.3,lncRNA,GEMCITABINE,DB00441,60750
AC124312.3,lncRNA,GEMCITABINE,DB00441,60750
AC124312.4,lncRNA,OXALIPLATIN,DB00526,6857599
AC124312.4,lncRNA,FLUOROURACIL,DB00544,3385
AC124319.1,lncRNA,GEMCITABINE,DB00441,60750
AC124798.1,lncRNA,GEMCITABINE,DB00441,60750
AC124798.1,lncRNA,OXALIPLATIN,DB00526,6857599
AC124798.1,lncRNA,FLUOROURACIL,DB00544,3385
AC125257.2,lncRNA,OXALIPLATIN,DB00526,6857599
AC125257.2,lncRNA,FLUOROURACIL,DB00544,3385
AC125611.3,lncRNA,OXALIPLATIN,DB00526,6857599
AC125611.3,lncRNA,FLUOROURACIL,DB00544,3385
AC126118.1,lncRNA,GEMCITABINE,DB00441,60750
AC127164.1,lncRNA,GEMCITABINE,DB00441,60750
AC127496.1,lncRNA,GEMCITABINE,DB00441,60750
AC129492.1,lncRNA,GEMCITABINE,DB00441,60750
AC131212.2,lncRNA,FLUOROURACIL,DB00544,3385
AC131212.2,lncRNA,OXALIPLATIN,DB00526,6857599
AC131212.3,lncRNA,FLUOROURACIL,DB00544,3385
AC131212.3,lncRNA,OXALIPLATIN,DB00526,6857599
AC132192.2,lncRNA,OXALIPLATIN,DB00526,6857599
AC132192.2,lncRNA,FLUOROURACIL,DB00544,3385
AC132872.2,lncRNA,GEMCITABINE,DB00441,60750
AC133552.5,lncRNA,OXALIPLATIN,DB00526,6857599
AC133552.5,lncRNA,FLUOROURACIL,DB00544,3385
AC134349.1,lncRNA,FLUOROURACIL,DB00544,3385
AC134349.1,lncRNA,OXALIPLATIN,DB00526,6857599
AC134682.1,lncRNA,GEMCITABINE,DB00441,60750
AC137056.1,lncRNA,GEMCITABINE,DB00441,60750
AC137723.1,lncRNA,GEMCITABINE,DB00441,60750
AC138123.2,lncRNA,GEMCITABINE,DB00441,60750
AC138150.2,lncRNA,GEMCITABINE,DB00441,60750
AC138305.1,lncRNA,GEMCITABINE,DB00441,60750
AC138356.1,lncRNA,GEMCITABINE,DB00441,60750
AC138393.3,lncRNA,FLUOROURACIL,DB00544,3385
AC138393.3,lncRNA,OXALIPLATIN,DB00526,6857599
AC138904.1,lncRNA,GEMCITABINE,DB00441,60750
AC139100.2,lncRNA,GEMCITABINE,DB00441,60750
AC139149.1,lncRNA,GEMCITABINE,DB00441,60750
AC139530.1,lncRNA,OXALIPLATIN,DB00526,6857599
AC139530.1,lncRNA,FLUOROURACIL,DB00544,3385
AC139887.4,lncRNA,GEMCITABINE,DB00441,60750
AC144450.1,lncRNA,TAMOXIFEN,DB00675,2733525
AC144831.1,lncRNA,FLUOROURACIL,DB00544,3385
AC144831.1,lncRNA,OXALIPLATIN,DB00526,6857599
AC144833.1,lncRNA,GEMCITABINE,DB00441,60750
AC145207.3,lncRNA,OXALIPLATIN,DB00526,6857599
AC145207.3,lncRNA,FLUOROURACIL,DB00544,3385
AC145423.2,lncRNA,GEMCITABINE,DB00441,60750
AC147651.1,lncRNA,GEMCITABINE,DB00441,60750
AC148476.1,lncRNA,GEMCITABINE,DB00441,60750
AC159540.1,lncRNA,GEMCITABINE,DB00441,60750
AC159540.1,lncRNA,TEMOZOLOMIDE,DB00853,5394
AC159540.2,lncRNA,FLUOROURACIL,DB00544,3385
AC159540.2,lncRNA,OXALIPLATIN,DB00526,6857599
AC231981.1,lncRNA,GEMCITABINE,DB00441,60750
AC233266.2,lncRNA,FLUOROURACIL,DB00544,3385
AC233266.2,lncRNA,OXALIPLATIN,DB00526,6857599
AC233280.1,lncRNA,GEMCITABINE,DB00441,60750
AC239800.2,lncRNA,GEMCITABINE,DB00441,60750
AC243772.2,lncRNA,GEMCITABINE,DB00441,60750
AC244034.2,lncRNA,GEMCITABINE,DB00441,60750
AC244100.3,lncRNA,GEMCITABINE,DB00441,60750
AC244517.1,lncRNA,GEMCITABINE,DB00441,60750
AC244517.7,lncRNA,GEMCITABINE,DB00441,60750
AC245041.1,lncRNA,GEMCITABINE,DB00441,60750
AC245041.2,lncRNA,GEMCITABINE,DB00441,60750
AC245100.6,lncRNA,GEMCITABINE,DB00441,60750
AC245100.7,lncRNA,GEMCITABINE,DB00441,60750
AC245140.2,lncRNA,FLUOROURACIL,DB00544,3385
AC245140.2,lncRNA,OXALIPLATIN,DB00526,6857599
AC245884.1,lncRNA,GEMCITABINE,DB00441,60750
AC245884.9,lncRNA,GEMCITABINE,DB00441,60750
AC254562.2,lncRNA,GEMCITABINE,DB00441,60750
ACTA2-AS1,lncRNA,GEMCITABINE,DB00441,60750
AD000813.1,lncRNA,FLUOROURACIL,DB00544,3385
AD000813.1,lncRNA,OXALIPLATIN,DB00526,6857599
ADAMTS9-AS2,lncRNA,CISPLATIN,DB00515,5460033
ADAMTS9-AS2,lncRNA,TAMOXIFEN,DB00675,2733525
ADAMTS9-AS2,lncRNA,FLUOROURACIL,DB00544,3385
ADCY10P1,lncRNA,TEMOZOLOMIDE,DB00853,5394
ADORA2A-AS1,lncRNA,GEMCITABINE,DB00441,60750
ADORA2A-AS1,lncRNA,IMATINIB,DB00619,5291
AF131215.5,lncRNA,GEMCITABINE,DB00441,60750
AF131215.6,lncRNA,GEMCITABINE,DB00441,60750
AF165147.1,lncRNA,GEMCITABINE,DB00441,60750
AFAP1-AS1,lncRNA,CISPLATIN,DB00515,5460033
AFAP1-AS1,lncRNA,GEMCITABINE,DB00441,60750
AFAP1-AS1,lncRNA,YK-4-279,NA,44632017
AFAP1-AS1,lncRNA,FLUOROURACIL,DB00544,3385
AFAP1-AS1,lncRNA,PACLITAXEL,DB01229,36314
AGAP1-IT1,lncRNA,GEMCITABINE,DB00441,60750
AGAP1-IT1,lncRNA,OXALIPLATIN,DB00526,6857599
AGAP1-IT1,lncRNA,FLUOROURACIL,DB00544,3385
AGAP2-AS1,lncRNA,GEMCITABINE,DB00441,60750
AGAP2-AS1,lncRNA,OXALIPLATIN,DB00526,6857599
AGAP2-AS1,lncRNA,FLUOROURACIL,DB00544,3385
AJ009632.2,lncRNA,GEMCITABINE,DB00441,60750
AKT3-IT1,lncRNA,OXALIPLATIN,DB00526,6857599
AKT3-IT1,lncRNA,FLUOROURACIL,DB00544,3385
AL008582.1,lncRNA,GEMCITABINE,DB00441,60750
AL008718.2,lncRNA,GEMCITABINE,DB00441,60750
AL008721.2,lncRNA,GEMCITABINE,DB00441,60750
AL021154.1,lncRNA,GEMCITABINE,DB00441,60750
AL021154.1,lncRNA,OXALIPLATIN,DB00526,6857599
AL021154.1,lncRNA,FLUOROURACIL,DB00544,3385
AL022322.1,lncRNA,GEMCITABINE,DB00441,60750
AL023755.1,lncRNA,GEMCITABINE,DB00441,60750
AL031587.5,lncRNA,FLUOROURACIL,DB00544,3385
AL031587.5,lncRNA,OXALIPLATIN,DB00526,6857599
AL031600.3,lncRNA,OXALIPLATIN,DB00526,6857599
AL031600.3,lncRNA,FLUOROURACIL,DB00544,3385
AL031663.3,lncRNA,GEMCITABINE,DB00441,60750
AL031666.3,lncRNA,FLUOROURACIL,DB00544,3385
AL031666.3,lncRNA,OXALIPLATIN,DB00526,6857599
AL031717.1,lncRNA,GEMCITABINE,DB00441,60750
AL031722.1,lncRNA,GEMCITABINE,DB00441,60750
AL033384.2,lncRNA,GEMCITABINE,DB00441,60750
AL033527.3,lncRNA,GEMCITABINE,DB00441,60750
AL049555.1,lncRNA,GEMCITABINE,DB00441,60750
AL049629.1,lncRNA,GEMCITABINE,DB00441,60750
AL049840.4,lncRNA,FLUOROURACIL,DB00544,3385
AL049840.4,lncRNA,OXALIPLATIN,DB00526,6857599
AL049840.5,lncRNA,OXALIPLATIN,DB00526,6857599
AL049840.5,lncRNA,FLUOROURACIL,DB00544,3385
AL050327.1,lncRNA,OXALIPLATIN,DB00526,6857599
AL050327.1,lncRNA,FLUOROURACIL,DB00544,3385
AL080276.2,lncRNA,OXALIPLATIN,DB00526,6857599
AL080276.2,lncRNA,FLUOROURACIL,DB00544,3385
AL080312.2,lncRNA,GEMCITABINE,DB00441,60750
AL096828.3,lncRNA,OXALIPLATIN,DB00526,6857599
AL096828.3,lncRNA,FLUOROURACIL,DB00544,3385
AL096870.2,lncRNA,FLUOROURACIL,DB00544,3385
AL096870.2,lncRNA,OXALIPLATIN,DB00526,6857599
AL109936.2,lncRNA,GEMCITABINE,DB00441,60750
AL109976.1,lncRNA,GEMCITABINE,DB00441,60750
AL117379.1,lncRNA,GEMCITABINE,DB00441,60750
AL118505.1,lncRNA,GEMCITABINE,DB00441,60750
AL118511.1,lncRNA,GEMCITABINE,DB00441,60750
AL121772.1,lncRNA,GEMCITABINE,DB00441,60750
AL121772.3,lncRNA,GEMCITABINE,DB00441,60750
AL121782.1,lncRNA,GEMCITABINE,DB00441,60750
AL121827.1,lncRNA,GEMCITABINE,DB00441,60750
AL121832.1,lncRNA,GEMCITABINE,DB00441,60750
AL121839.2,lncRNA,GEMCITABINE,DB00441,60750
AL121845.4,lncRNA,GEMCITABINE,DB00441,60750
AL121895.2,lncRNA,GEMCITABINE,DB00441,60750
AL121929.2,lncRNA,GEMCITABINE,DB00441,60750
AL121992.1,lncRNA,GEMCITABINE,DB00441,60750
AL121992.3,lncRNA,GEMCITABINE,DB00441,60750
AL132656.4,lncRNA,FLUOROURACIL,DB00544,3385
AL132656.4,lncRNA,OXALIPLATIN,DB00526,6857599
AL132709.8,lncRNA,TEMOZOLOMIDE,DB00853,5394
AL133215.2,lncRNA,GEMCITABINE,DB00441,60750
AL133215.2,lncRNA,FLUOROURACIL,DB00544,3385
AL133215.2,lncRNA,OXALIPLATIN,DB00526,6857599
AL133338.1,lncRNA,FLUOROURACIL,DB00544,3385
AL133338.1,lncRNA,OXALIPLATIN,DB00526,6857599
AL133410.1,lncRNA,GEMCITABINE,DB00441,60750
AL136164.3,lncRNA,OXALIPLATIN,DB00526,6857599
AL136164.3,lncRNA,FLUOROURACIL,DB00544,3385
AL136964.1,lncRNA,GEMCITABINE,DB00441,60750
AL137798.1,lncRNA,GEMCITABINE,DB00441,60750
AL138760.1,lncRNA,GEMCITABINE,DB00441,60750
AL138781.1,lncRNA,FLUOROURACIL,DB00544,3385
AL138781.1,lncRNA,OXALIPLATIN,DB00526,6857599
AL139241.1,lncRNA,GEMCITABINE,DB00441,60750
AL139383.1,lncRNA,GEMCITABINE,DB00441,60750
AL139407.1,lncRNA,FLUOROURACIL,DB00544,3385
AL139407.1,lncRNA,OXALIPLATIN,DB00526,6857599
AL157373.2,lncRNA,GEMCITABINE,DB00441,60750
AL157756.1,lncRNA,GEMCITABINE,DB00441,60750
AL157786.1,lncRNA,GEMCITABINE,DB00441,60750
AL157871.1,lncRNA,OXALIPLATIN,DB00526,6857599
AL157871.1,lncRNA,FLUOROURACIL,DB00544,3385
AL157871.5,lncRNA,FLUOROURACIL,DB00544,3385
AL157871.5,lncRNA,OXALIPLATIN,DB00526,6857599
AL158151.4,lncRNA,GEMCITABINE,DB00441,60750
AL158151.4,lncRNA,OXALIPLATIN,DB00526,6857599
AL158151.4,lncRNA,FLUOROURACIL,DB00544,3385
AL159152.1,lncRNA,FLUOROURACIL,DB00544,3385
AL159152.1,lncRNA,OXALIPLATIN,DB00526,6857599
AL160286.2,lncRNA,GEMCITABINE,DB00441,60750
AL160408.3,lncRNA,GEMCITABINE,DB00441,60750
AL161421.1,lncRNA,FLUOROURACIL,DB00544,3385
AL161421.1,lncRNA,OXALIPLATIN,DB00526,6857599
AL161630.1,lncRNA,GEMCITABINE,DB00441,60750
AL161645.1,lncRNA,GEMCITABINE,DB00441,60750
AL161668.3,lncRNA,GEMCITABINE,DB00441,60750
AL161740.1,lncRNA,GEMCITABINE,DB00441,60750
AL161772.1,lncRNA,GEMCITABINE,DB00441,60750
AL162274.2,lncRNA,FLUOROURACIL,DB00544,3385
AL162274.2,lncRNA,OXALIPLATIN,DB00526,6857599
AL162456.1,lncRNA,FLUOROURACIL,DB00544,3385
AL162456.1,lncRNA,OXALIPLATIN,DB00526,6857599
AL163953.1,lncRNA,GEMCITABINE,DB00441,60750
AL353593.1,lncRNA,GEMCITABINE,DB00441,60750
AL353593.3,lncRNA,GEMCITABINE,DB00441,60750
AL353622.1,lncRNA,OXALIPLATIN,DB00526,6857599
AL353622.1,lncRNA,FLUOROURACIL,DB00544,3385
AL353751.1,lncRNA,GEMCITABINE,DB00441,60750
AL353801.1,lncRNA,GEMCITABINE,DB00441,60750
AL354811.1,lncRNA,GEMCITABINE,DB00441,60750
AL354836.1,lncRNA,OXALIPLATIN,DB00526,6857599
AL354836.1,lncRNA,FLUOROURACIL,DB00544,3385
AL354984.1,lncRNA,GEMCITABINE,DB00441,60750
AL355096.1,lncRNA,GEMCITABINE,DB00441,60750
AL355102.4,lncRNA,GEMCITABINE,DB00441,60750
AL355388.2,lncRNA,GEMCITABINE,DB00441,60750
AL355472.3,lncRNA,GEMCITABINE,DB00441,60750
AL355997.1,lncRNA,GEMCITABINE,DB00441,60750
AL356118.1,lncRNA,OXALIPLATIN,DB00526,6857599
AL356118.1,lncRNA,FLUOROURACIL,DB00544,3385
AL359091.4,lncRNA,GEMCITABINE,DB00441,60750
AL359232.1,lncRNA,GEMCITABINE,DB00441,60750
AL359715.2,lncRNA,GEMCITABINE,DB00441,60750
AL359715.4,lncRNA,GEMCITABINE,DB00441,60750
AL359878.1,lncRNA,GEMCITABINE,DB00441,60750
AL359881.1,lncRNA,GEMCITABINE,DB00441,60750
AL359881.2,lncRNA,GEMCITABINE,DB00441,60750
AL359915.1,lncRNA,GEMCITABINE,DB00441,60750
AL360181.1,lncRNA,GEMCITABINE,DB00441,60750
AL365181.3,lncRNA,GEMCITABINE,DB00441,60750
AL390318.1,lncRNA,OXALIPLATIN,DB00526,6857599
AL390318.1,lncRNA,FLUOROURACIL,DB00544,3385
AL390719.2,lncRNA,GEMCITABINE,DB00441,60750
AL390728.6,lncRNA,OXALIPLATIN,DB00526,6857599
AL390728.6,lncRNA,FLUOROURACIL,DB00544,3385
AL390778.2,lncRNA,GEMCITABINE,DB00441,60750
AL391056.1,lncRNA,GEMCITABINE,DB00441,60750
AL391095.1,lncRNA,OXALIPLATIN,DB00526,6857599
AL391095.1,lncRNA,FLUOROURACIL,DB00544,3385
AL391095.2,lncRNA,GEMCITABINE,DB00441,60750
AL391834.1,lncRNA,FLUOROURACIL,DB00544,3385
AL391834.1,lncRNA,OXALIPLATIN,DB00526,6857599
AL391845.2,lncRNA,GEMCITABINE,DB00441,60750
AL392172.1,lncRNA,FLUOROURACIL,DB00544,3385
AL392172.1,lncRNA,OXALIPLATIN,DB00526,6857599
AL441883.1,lncRNA,FLUOROURACIL,DB00544,3385
AL441883.1,lncRNA,OXALIPLATIN,DB00526,6857599
AL442125.2,lncRNA,OXALIPLATIN,DB00526,6857599
AL442125.2,lncRNA,FLUOROURACIL,DB00544,3385
AL445070.1,lncRNA,GEMCITABINE,DB00441,60750
AL445183.2,lncRNA,GEMCITABINE,DB00441,60750
AL445490.1,lncRNA,GEMCITABINE,DB00441,60750
AL445493.3,lncRNA,GEMCITABINE,DB00441,60750
AL445647.1,lncRNA,GEMCITABINE,DB00441,60750
AL445649.1,lncRNA,GEMCITABINE,DB00441,60750
AL449403.2,lncRNA,GEMCITABINE,DB00441,60750
AL451069.1,lncRNA,GEMCITABINE,DB00441,60750
AL512328.1,lncRNA,GEMCITABINE,DB00441,60750
AL512363.1,lncRNA,GEMCITABINE,DB00441,60750
AL512413.1,lncRNA,GEMCITABINE,DB00441,60750
AL512506.2,lncRNA,OXALIPLATIN,DB00526,6857599
AL512506.2,lncRNA,FLUOROURACIL,DB00544,3385
AL513217.1,lncRNA,GEMCITABINE,DB00441,60750
AL583722.1,lncRNA,GEMCITABINE,DB00441,60750
AL589765.6,lncRNA,GEMCITABINE,DB00441,60750
AL590235.1,lncRNA,GEMCITABINE,DB00441,60750
AL590302.1,lncRNA,FLUOROURACIL,DB00544,3385
AL590302.1,lncRNA,OXALIPLATIN,DB00526,6857599
AL590652.1,lncRNA,GEMCITABINE,DB00441,60750
AL591684.2,lncRNA,FLUOROURACIL,DB00544,3385
AL591684.2,lncRNA,OXALIPLATIN,DB00526,6857599
AL591845.1,lncRNA,GEMCITABINE,DB00441,60750
AL591895.1,lncRNA,GEMCITABINE,DB00441,60750
AL592182.2,lncRNA,GEMCITABINE,DB00441,60750
AL592211.1,lncRNA,GEMCITABINE,DB00441,60750
AL592211.1,lncRNA,FLUOROURACIL,DB00544,3385
AL592211.1,lncRNA,OXALIPLATIN,DB00526,6857599
AL592494.1,lncRNA,GEMCITABINE,DB00441,60750
AL596223.2,lncRNA,GEMCITABINE,DB00441,60750
AL596325.2,lncRNA,GEMCITABINE,DB00441,60750
AL596325.2,lncRNA,FLUOROURACIL,DB00544,3385
AL596325.2,lncRNA,OXALIPLATIN,DB00526,6857599
AL606834.1,lncRNA,OXALIPLATIN,DB00526,6857599
AL606834.1,lncRNA,FLUOROURACIL,DB00544,3385
AL607028.1,lncRNA,GEMCITABINE,DB00441,60750
AL645608.1,lncRNA,FLUOROURACIL,DB00544,3385
AL645608.1,lncRNA,OXALIPLATIN,DB00526,6857599
AL645608.8,lncRNA,GEMCITABINE,DB00441,60750
AL645941.3,lncRNA,FLUOROURACIL,DB00544,3385
AL645941.3,lncRNA,OXALIPLATIN,DB00526,6857599
AL662884.3,lncRNA,OXALIPLATIN,DB00526,6857599
AL662884.3,lncRNA,FLUOROURACIL,DB00544,3385
AL670729.1,lncRNA,GEMCITABINE,DB00441,60750
AL691432.2,lncRNA,FLUOROURACIL,DB00544,3385
AL691432.2,lncRNA,OXALIPLATIN,DB00526,6857599
AL691482.3,lncRNA,GEMCITABINE,DB00441,60750
AL731563.3,lncRNA,OXALIPLATIN,DB00526,6857599
AL731563.3,lncRNA,FLUOROURACIL,DB00544,3385
AL731567.1,lncRNA,GEMCITABINE,DB00441,60750
AL928654.4,lncRNA,FLUOROURACIL,DB00544,3385
AL928654.4,lncRNA,OXALIPLATIN,DB00526,6857599
ALDH1L1-AS2,lncRNA,GEMCITABINE,DB00441,60750
ANKRD19P,lncRNA,TEMOZOLOMIDE,DB00853,5394
ANKRD26P3,lncRNA,TEMOZOLOMIDE,DB00853,5394
AP000355.1,lncRNA,GEMCITABINE,DB00441,60750
AP000424.1,lncRNA,GEMCITABINE,DB00441,60750
AP000553.1,lncRNA,GEMCITABINE,DB00441,60750
AP000696.1,lncRNA,GEMCITABINE,DB00441,60750
AP000757.2,lncRNA,GEMCITABINE,DB00441,60750
AP000777.2,lncRNA,OXALIPLATIN,DB00526,6857599
AP000777.2,lncRNA,FLUOROURACIL,DB00544,3385
AP000851.2,lncRNA,GEMCITABINE,DB00441,60750
AP000864.1,lncRNA,GEMCITABINE,DB00441,60750
AP000866.5,lncRNA,GEMCITABINE,DB00441,60750
AP000911.1,lncRNA,GEMCITABINE,DB00441,60750
AP001029.2,lncRNA,GEMCITABINE,DB00441,60750
AP001043.1,lncRNA,GEMCITABINE,DB00441,60750
AP001107.2,lncRNA,OXALIPLATIN,DB00526,6857599
AP001107.2,lncRNA,FLUOROURACIL,DB00544,3385
AP001160.3,lncRNA,FLUOROURACIL,DB00544,3385
AP001160.3,lncRNA,OXALIPLATIN,DB00526,6857599
AP001178.3,lncRNA,GEMCITABINE,DB00441,60750
AP001271.1,lncRNA,GEMCITABINE,DB00441,60750
AP001347.1,lncRNA,GEMCITABINE,DB00441,60750
AP001429.1,lncRNA,FLUOROURACIL,DB00544,3385
AP001429.1,lncRNA,OXALIPLATIN,DB00526,6857599
AP001528.2,lncRNA,GEMCITABINE,DB00441,60750
AP001626.1,lncRNA,GEMCITABINE,DB00441,60750
AP001628.1,lncRNA,GEMCITABINE,DB00441,60750
AP001628.1,lncRNA,OXALIPLATIN,DB00526,6857599
AP001628.1,lncRNA,FLUOROURACIL,DB00544,3385
AP001783.1,lncRNA,GEMCITABINE,DB00441,60750
AP001893.1,lncRNA,FLUOROURACIL,DB00544,3385
AP001893.1,lncRNA,OXALIPLATIN,DB00526,6857599
AP001922.5,lncRNA,GEMCITABINE,DB00441,60750
AP002026.1,lncRNA,GEMCITABINE,DB00441,60750
AP002957.1,lncRNA,GEMCITABINE,DB00441,60750
AP003119.3,lncRNA,GEMCITABINE,DB00441,60750
AP003721.1,lncRNA,GEMCITABINE,DB00441,60750
AP005230.1,lncRNA,DOXORUBICIN,DB00997,31703
AP005233.2,lncRNA,GEMCITABINE,DB00441,60750
AP006285.1,lncRNA,GEMCITABINE,DB00441,60750
AP4B1-AS1,lncRNA,DOXORUBICIN,DB00997,31703
APTR,lncRNA,CISPLATIN,DB00515,5460033
ARHGAP27P1-BPTFP1-KPNA2P3,lncRNA,OXALIPLATIN,DB00526,6857599
ARHGAP27P1-BPTFP1-KPNA2P3,lncRNA,FLUOROURACIL,DB00544,3385
ARHGAP31-AS1,lncRNA,GEMCITABINE,DB00441,60750
ARHGAP5-AS1,lncRNA,CISPLATIN,DB00515,5460033
ARHGAP5-AS1,lncRNA,PACLITAXEL,DB01229,36314
ARHGEF26-AS1,lncRNA,GEMCITABINE,DB00441,60750
ARRDC1-AS1,lncRNA,FLUOROURACIL,DB00544,3385
ARRDC1-AS1,lncRNA,OXALIPLATIN,DB00526,6857599
ASB16-AS1,lncRNA,CISPLATIN,DB00515,5460033
ASMTL-AS1,lncRNA,CISPLATIN,DB00515,5460033
ATP13A5-AS1,lncRNA,CISPLATIN,DB00515,5460033
ATP2A1-AS1,lncRNA,GEMCITABINE,DB00441,60750
ATP6V0E2-AS1,lncRNA,OXALIPLATIN,DB00526,6857599
ATP6V0E2-AS1,lncRNA,FLUOROURACIL,DB00544,3385
ATP8B5P,lncRNA,CISPLATIN,DB00515,5460033
ATP8B5P,lncRNA,PACLITAXEL,DB01229,36314
ATXN1-AS1,lncRNA,TAMOXIFEN,DB00675,2733525
B4GALT1-AS1,lncRNA,GEMCITABINE,DB00441,60750
BAALC-AS1,lncRNA,GEMCITABINE,DB00441,60750
BANCR,lncRNA,FENTANYL,DB00813,3345
BANCR,lncRNA,DOXORUBICIN,DB00997,31703
BANCR,lncRNA,CISPLATIN,DB00515,5460033
BANCR,lncRNA,RUTIN,DB01698,5280805
BANCR,lncRNA,SORAFENIB,DB00398,216239
BASP1-AS1,lncRNA,CISPLATIN,DB00515,5460033
BCAR4,lncRNA,TAMOXIFEN,DB00675,2733525
BCAR4,lncRNA,LAPATINIB,DB01259,208908
BCAR4,lncRNA,PACLITAXEL,DB01229,36314
BMS1P1,lncRNA,FLUOROURACIL,DB00544,3385
BMS1P1,lncRNA,OXALIPLATIN,DB00526,6857599
BOK-AS1,lncRNA,CISPLATIN,DB00515,5460033
BOK-AS1,lncRNA,PACLITAXEL,DB01229,36314
BTN2A3P,lncRNA,TEMOZOLOMIDE,DB00853,5394
BX255925.1,lncRNA,GEMCITABINE,DB00441,60750
BX284668.6,lncRNA,FLUOROURACIL,DB00544,3385
BX284668.6,lncRNA,OXALIPLATIN,DB00526,6857599
BX470102.1,lncRNA,GEMCITABINE,DB00441,60750
C10ORF55,lncRNA,GEMCITABINE,DB00441,60750
C1ORF220,lncRNA,TEMOZOLOMIDE,DB00853,5394
C1QTNF1-AS1,lncRNA,GEMCITABINE,DB00441,60750
C1QTNF1-AS1,lncRNA,TEMOZOLOMIDE,DB00853,5394
C1RL-AS1,lncRNA,DOXORUBICIN,DB00997,31703
C2-AS1,lncRNA,GEMCITABINE,DB00441,60750
C4A-AS1,lncRNA,GEMCITABINE,DB00441,60750
C4B-AS1,lncRNA,GEMCITABINE,DB00441,60750
C9ORF163,lncRNA,GEMCITABINE,DB00441,60750
CAHM,lncRNA,CISPLATIN,DB00515,5460033
CALML3-AS1,lncRNA,GEMCITABINE,DB00441,60750
CARMN,lncRNA,CISPLATIN,DB00515,5460033
CASC11,lncRNA,CISPLATIN,DB00515,5460033
CASC11,lncRNA,CARBOPLATIN,DB00958,38904
CASC11,lncRNA,OXALIPLATIN,DB00526,6857599
CASC11,lncRNA,TETRAPLATIN,NA,13920603
CASC15,lncRNA,OXALIPLATIN,DB00526,6857599
CASC15,lncRNA,GEMCITABINE,DB00441,60750
CASC15,lncRNA,LENVATINIB,DB09078,9823820
CASC19,lncRNA,TEMOZOLOMIDE,DB00853,5394
CASC2,lncRNA,GEFITINIB,DB00317,123631
CASC2,lncRNA,TEMOZOLOMIDE,DB00853,5394
CASC2,lncRNA,CISPLATIN,DB00515,5460033
CASC2,lncRNA,DOCETAXEL,DB01248,148124
CASC2,lncRNA,PACLITAXEL,DB01229,36314
CASC2,lncRNA,CAPECITABINE,DB01101,60953
CASC2,lncRNA,131I,NA,807
CASC20,lncRNA,CISPLATIN,DB00515,5460033
CASC8,lncRNA,GEMCITABINE,DB00441,60750
CASC9,lncRNA,GEFITINIB,DB00317,123631
CASC9,lncRNA,DOXORUBICIN,DB00997,31703
CASC9,lncRNA,PACLITAXEL,DB01229,36314
CASC9,lncRNA,TEMOZOLOMIDE,DB00853,5394
CATIP-AS1,lncRNA,GEMCITABINE,DB00441,60750
CBR3-AS1,lncRNA,PACLITAXEL,DB01229,36314
CBR3-AS1,lncRNA,DOXORUBICIN,DB00997,31703
CCAT2,lncRNA,FLUOROURACIL,DB00544,3385
CCAT2,lncRNA,YK-4-279,NA,44632017
CCAT2,lncRNA,TAMOXIFEN,DB00675,2733525
CCAT2,lncRNA,OXALIPLATIN,DB00526,6857599
CCDC144NL-AS1,lncRNA,CISPLATIN,DB00515,5460033
CCDC144NL-AS1,lncRNA,PACLITAXEL,DB01229,36314
CCDC26,lncRNA,IMATINIB,DB00619,5291
CCDC26,lncRNA,DOXORUBICIN,DB00997,31703
CCND2-AS1,lncRNA,GEMCITABINE,DB00441,60750
CD27-AS1,lncRNA,GEMCITABINE,DB00441,60750
CDKN2B-AS1,lncRNA,GEMCITABINE,DB00441,60750
CDKN2B-AS1,lncRNA,TEMOZOLOMIDE,DB00853,5394
CEP170P1,lncRNA,GEMCITABINE,DB00441,60750
CERS6-AS1,lncRNA,TEMOZOLOMIDE,DB00853,5394
CES1P1,lncRNA,CISPLATIN,DB00515,5460033
CFL1P1,lncRNA,FLUOROURACIL,DB00544,3385
CFL1P1,lncRNA,OXALIPLATIN,DB00526,6857599
CHKB-DT,lncRNA,OXALIPLATIN,DB00526,6857599
CHKB-DT,lncRNA,FLUOROURACIL,DB00544,3385
CKMT2-AS1,lncRNA,OXALIPLATIN,DB00526,6857599
CKMT2-AS1,lncRNA,FLUOROURACIL,DB00544,3385
CLDN10-AS1,lncRNA,GEMCITABINE,DB00441,60750
CMAHP,lncRNA,TEMOZOLOMIDE,DB00853,5394
COLCA1,lncRNA,GEMCITABINE,DB00441,60750
CPB2-AS1,lncRNA,GEMCITABINE,DB00441,60750
CPEB1-AS1,lncRNA,CISPLATIN,DB00515,5460033
CPS1-IT1,lncRNA,GEMCITABINE,DB00441,60750
CR559946.2,lncRNA,GEMCITABINE,DB00441,60750
CR936218.2,lncRNA,GEMCITABINE,DB00441,60750
CRNDE,lncRNA,OXALIPLATIN,DB00526,6857599
CRNDE,lncRNA,FLUOROURACIL,DB00544,3385
CRNDE,lncRNA,CISPLATIN,DB00515,5460033
CRNDE,lncRNA,PACLITAXEL,DB01229,36314
CRNDE,lncRNA,DOXORUBICIN,DB00997,31703
CRNDE,lncRNA,GEMCITABINE,DB00441,60750
CRNDE,lncRNA,OSIMERTINIB,DB09330,71496458
CRNDE,lncRNA,AFATINIB,DB08916,10184653
CRNDE,lncRNA,LENVATINIB,DB09078,9823820
CRNDE,lncRNA,SORAFENIB,DB00398,216239
CRNDE,lncRNA,TEMOZOLOMIDE,DB00853,5394
CRYBB2P1,lncRNA,TEMOZOLOMIDE,DB00853,5394
CSPG4P1Y,lncRNA,DOXORUBICIN,DB00997,31703
CYP1B1-AS1,lncRNA,CISPLATIN,DB00515,5460033
CYP4A22-AS1,lncRNA,GEMCITABINE,DB00441,60750
CYP4F26P,lncRNA,GEMCITABINE,DB00441,60750
CYP4F26P,lncRNA,TEMOZOLOMIDE,DB00853,5394
CYTOR,lncRNA,TAMOXIFEN,DB00675,2733525
CYTOR,lncRNA,CISPLATIN,DB00515,5460033
CYTOR,lncRNA,GEMCITABINE,DB00441,60750
CYTOR,lncRNA,OXALIPLATIN,DB00526,6857599
DANCR,lncRNA,CISPLATIN,DB00515,5460033
DANCR,lncRNA,PACLITAXEL,DB01229,36314
DANCR,lncRNA,GEMCITABINE,DB00441,60750
DANCR,lncRNA,CYTARABINE,DB00987,6253
DANCR,lncRNA,LENVATINIB,DB09078,9823820
DANCR,lncRNA,ETOPOSIDE,DB00773,36462
DBH-AS1,lncRNA,GEMCITABINE,DB00441,60750
DCTN1-AS1,lncRNA,CISPLATIN,DB00515,5460033
DDN-AS1,lncRNA,GEMCITABINE,DB00441,60750
DDX11-AS1,lncRNA,CISPLATIN,DB00515,5460033
DDX11-AS1,lncRNA,PACLITAXEL,DB01229,36314
DDX11-AS1,lncRNA,OXALIPLATIN,DB00526,6857599
DDX11-AS1,lncRNA,GEMCITABINE,DB00441,60750
DDX11-AS1,lncRNA,FLUOROURACIL,DB00544,3385
DDX39B-AS1,lncRNA,FLUOROURACIL,DB00544,3385
DDX39B-AS1,lncRNA,OXALIPLATIN,DB00526,6857599
DEPDC1-AS1,lncRNA,TAMOXIFEN,DB00675,2733525
DGCR5,lncRNA,TEMOZOLOMIDE,DB00853,5394
DGCR5,lncRNA,CISPLATIN,DB00515,5460033
DGCR5,lncRNA,AFATINIB,DB08916,10184653
DGCR5,lncRNA,OSIMERTINIB,DB09330,71496458
DGUOK-AS1,lncRNA,CISPLATIN,DB00515,5460033
DHRS4-AS1,lncRNA,GEMCITABINE,DB00441,60750
DIAPH3-AS2,lncRNA,CISPLATIN,DB00515,5460033
DICER1-AS1,lncRNA,OXALIPLATIN,DB00526,6857599
DICER1-AS1,lncRNA,FLUOROURACIL,DB00544,3385
DICER1-AS1,lncRNA,DOXORUBICIN,DB00997,31703
DICER1-AS1,lncRNA,CARBOPLATIN,DB00958,38904
DICER1-AS1,lncRNA,METHOTREXATE,DB00563,126941
DICER1-AS1,lncRNA,ETOPOSIDE,DB00773,36462
DICER1-AS1,lncRNA,CISPLATIN,DB00515,5460033
DIO2-AS1,lncRNA,METHOTREXATE,DB00563,126941
DIO3OS,lncRNA,GEFITINIB,DB00317,123631
DIO3OS,lncRNA,PACLITAXEL,DB01229,36314
DLEU1,lncRNA,TEMOZOLOMIDE,DB00853,5394
DLEU2,lncRNA,TEMOZOLOMIDE,DB00853,5394
DLGAP1-AS1,lncRNA,DOXORUBICIN,DB00997,31703
DLGAP1-AS3,lncRNA,GEMCITABINE,DB00441,60750
DLX6-AS1,lncRNA,CISPLATIN,DB00515,5460033
DLX6-AS1,lncRNA,GEMCITABINE,DB00441,60750
DNAH17-AS1,lncRNA,GEMCITABINE,DB00441,60750
DNAH17-AS1,lncRNA,TEMOZOLOMIDE,DB00853,5394
DNM3OS,lncRNA,DOXORUBICIN,DB00997,31703
DPP10-AS1,lncRNA,GEMCITABINE,DB00441,60750
DRAIC,lncRNA,GEMCITABINE,DB00441,60750
DSCAM-AS1,lncRNA,TAMOXIFEN,DB00675,2733525
DSCAM-AS1,lncRNA,DOXORUBICIN,DB00997,31703
DSCR8,lncRNA,DOXORUBICIN,DB00997,31703
DUBR,lncRNA,VINCRISTINE,DB00541,5978
DUBR,lncRNA,OXALIPLATIN,DB00526,6857599
DUXAP8,lncRNA,PACLITAXEL,DB01229,36314
DUXAP8,lncRNA,CISPLATIN,DB00515,5460033
DUXAP8,lncRNA,DOXORUBICIN,DB00997,31703
EGFR-AS1,lncRNA,CISPLATIN,DB00515,5460033
EGFR-AS1,lncRNA,ERLOTINIB,DB00530,176870
EGLN3-AS1,lncRNA,CISPLATIN,DB00515,5460033
EIF3J-DT,lncRNA,FLUOROURACIL,DB00544,3385
EIF3J-DT,lncRNA,OXALIPLATIN,DB00526,6857599
ELF3-AS1,lncRNA,FLUOROURACIL,DB00544,3385
ELF3-AS1,lncRNA,OXALIPLATIN,DB00526,6857599
ELFN2,lncRNA,GEMCITABINE,DB00441,60750
ELOVL2-AS1,lncRNA,METHOTREXATE,DB00563,126941
ELOVL2-AS1,lncRNA,CISPLATIN,DB00515,5460033
ELOVL2-AS1,lncRNA,TAMOXIFEN,DB00675,2733525
ELOVL2-AS1,lncRNA,GEMCITABINE,DB00441,60750
EML2-AS1,lncRNA,OXALIPLATIN,DB00526,6857599
EML2-AS1,lncRNA,FLUOROURACIL,DB00544,3385
EMX2OS,lncRNA,TEMOZOLOMIDE,DB00853,5394
ENTPD1-AS1,lncRNA,PACLITAXEL,DB01229,36314
ENTPD1-AS1,lncRNA,CISPLATIN,DB00515,5460033
EP300-AS1,lncRNA,GEMCITABINE,DB00441,60750
EPB41L4A-AS1,lncRNA,CRIZOTINIB,DB08865,11626560
EPB41L4A-AS1,lncRNA,ERLOTINIB,DB00530,176870
EPB41L4A-AS1,lncRNA,CISPLATIN,DB00515,5460033
EPHA5-AS1,lncRNA,CISPLATIN,DB00515,5460033
EPHA5-AS1,lncRNA,PACLITAXEL,DB01229,36314
EVX1-AS,lncRNA,GEMCITABINE,DB00441,60750
F11-AS1,lncRNA,GEMCITABINE,DB00441,60750
FAM170B-AS1,lncRNA,CISPLATIN,DB00515,5460033
FAM170B-AS1,lncRNA,PACLITAXEL,DB01229,36314
FAM182A,lncRNA,TEMOZOLOMIDE,DB00853,5394
FAM201A,lncRNA,TEMOZOLOMIDE,DB00853,5394
FAM201A,lncRNA,GEMCITABINE,DB00441,60750
FAM215A,lncRNA,DOXORUBICIN,DB00997,31703
FAM222A-AS1,lncRNA,GEMCITABINE,DB00441,60750
FAM226B,lncRNA,PACLITAXEL,DB01229,36314
FAM226B,lncRNA,CISPLATIN,DB00515,5460033
FAM230C,lncRNA,TEMOZOLOMIDE,DB00853,5394
FAM66B,lncRNA,GEMCITABINE,DB00441,60750
FAM66C,lncRNA,PACLITAXEL,DB01229,36314
FAM66C,lncRNA,CISPLATIN,DB00515,5460033
FAM66C,lncRNA,GEMCITABINE,DB00441,60750
FAM66D,lncRNA,GEMCITABINE,DB00441,60750
FAM83A-AS1,lncRNA,GEMCITABINE,DB00441,60750
FAM85B,lncRNA,FLUOROURACIL,DB00544,3385
FAM85B,lncRNA,OXALIPLATIN,DB00526,6857599
FAM86B3P,lncRNA,FLUOROURACIL,DB00544,3385
FAM86B3P,lncRNA,OXALIPLATIN,DB00526,6857599
FAM87A,lncRNA,GEMCITABINE,DB00441,60750
FAM87A,lncRNA,SORAFENIB,DB00398,216239
FAM95B1,lncRNA,TEMOZOLOMIDE,DB00853,5394
FAM99A,lncRNA,GEMCITABINE,DB00441,60750
FAM99B,lncRNA,CISPLATIN,DB00515,5460033
FAM99B,lncRNA,GEMCITABINE,DB00441,60750
FBXL19-AS1,lncRNA,GEMCITABINE,DB00441,60750
FENDRR,lncRNA,DOXORUBICIN,DB00997,31703
FENDRR,lncRNA,PACLITAXEL,DB01229,36314
FENDRR,lncRNA,TEMOZOLOMIDE,DB00853,5394
FENDRR,lncRNA,VINCRISTINE,DB00541,5978
FENDRR,lncRNA,LENVATINIB,DB09078,9823820
FEZF1-AS1,lncRNA,GEMCITABINE,DB00441,60750
FEZF1-AS1,lncRNA,TEMOZOLOMIDE,DB00853,5394
FEZF1-AS1,lncRNA,CISPLATIN,DB00515,5460033
FEZF1-AS1,lncRNA,FLUOROURACIL,DB00544,3385
FGD5-AS1,lncRNA,CISPLATIN,DB00515,5460033
FGF12-AS2,lncRNA,CISPLATIN,DB00515,5460033
FGF14-AS2,lncRNA,GEMCITABINE,DB00441,60750
FIRRE,lncRNA,CISPLATIN,DB00515,5460033
FIRRE,lncRNA,GEMCITABINE,DB00441,60750
FLNB-AS1,lncRNA,TAMOXIFEN,DB00675,2733525
FOXC2-AS1,lncRNA,DOXORUBICIN,DB00997,31703
FOXD1-AS1,lncRNA,CISPLATIN,DB00515,5460033
FOXD2-AS1,lncRNA,GEMCITABINE,DB00441,60750
FOXD2-AS1,lncRNA,SORAFENIB,DB00398,216239
FOXD2-AS1,lncRNA,CISPLATIN,DB00515,5460033
FOXD2-AS1,lncRNA,TEMOZOLOMIDE,DB00853,5394
FOXD2-AS1,lncRNA,LENVATINIB,DB09078,9823820
FOXD2-AS1,lncRNA,DOXORUBICIN,DB00997,31703
FOXD3-AS1,lncRNA,GEMCITABINE,DB00441,60750
FOXD3-AS1,lncRNA,TAMOXIFEN,DB00675,2733525
FOXD3-AS1,lncRNA,FLUOROURACIL,DB00544,3385
FOXP4-AS1,lncRNA,CISPLATIN,DB00515,5460033
FOXP4-AS1,lncRNA,TEMOZOLOMIDE,DB00853,5394
FREM2-AS1,lncRNA,CISPLATIN,DB00515,5460033
FTCD-AS1,lncRNA,GEMCITABINE,DB00441,60750
FTX,lncRNA,TEMOZOLOMIDE,DB00853,5394
FUT8-AS1,lncRNA,CISPLATIN,DB00515,5460033
FUT8-AS1,lncRNA,DOXORUBICIN,DB00997,31703
FZD10-AS1,lncRNA,GEMCITABINE,DB00441,60750
GABARAPL3,lncRNA,TEMOZOLOMIDE,DB00853,5394
GACAT2,lncRNA,GEMCITABINE,DB00441,60750
GAPLINC,lncRNA,GEMCITABINE,DB00441,60750
GAS5,lncRNA,DOXORUBICIN,DB00997,31703
GAS5,lncRNA,TEMOZOLOMIDE,DB00853,5394
GAS5,lncRNA,CISPLATIN,DB00515,5460033
GAS5,lncRNA,GEMCITABINE,DB00441,60750
GAS5,lncRNA,FLUOROURACIL,DB00544,3385
GAS5,lncRNA,SORAFENIB,DB00398,216239
GAS5,lncRNA,PACLITAXEL,DB01229,36314
GAS5,lncRNA,PLATINUM,DB12257,23939
GAS5,lncRNA,LENVATINIB,DB09078,9823820
GAS5,lncRNA,DOCETAXEL,DB01248,148124
GAS5-AS1,lncRNA,DOCETAXEL,DB01248,148124
GAS5-AS1,lncRNA,NUTLIN-3A,NA,11433190
GAS5-AS1,lncRNA,SIROLIMUS,DB00877,5284616
GAS5-AS1,lncRNA,EVEROLIMUS,DB01590,6442177
GAS5-AS1,lncRNA,TEMSIROLIMUS,DB06287,54608508
GAS5-AS1,lncRNA,CYCLOHEXIMIDE,NA,6197
GAS5-AS1,lncRNA,"[5-[2,4-BIS((3S)-3-METHYLMORPHOLIN-4-YL)PYRIDO[2,3-D]PYRIMIDIN-7-YL]-2-METHOXYPHENYL]METHANOL",NA,25262965
GAS5-AS1,lncRNA,DACTOLISIB,DB11651,11977753
GAS6-AS1,lncRNA,PACLITAXEL,DB01229,36314
GAS6-AS1,lncRNA,CISPLATIN,DB00515,5460033
GASAL1,lncRNA,SORAFENIB,DB00398,216239
GATA2-AS1,lncRNA,GEMCITABINE,DB00441,60750
GATA3-AS1,lncRNA,DOXORUBICIN,DB00997,31703
GBP1P1,lncRNA,CISPLATIN,DB00515,5460033
GHET1,lncRNA,CISPLATIN,DB00515,5460033
GHET1,lncRNA,GEMCITABINE,DB00441,60750
GIHCG,lncRNA,OXALIPLATIN,DB00526,6857599
GIHCG,lncRNA,FLUOROURACIL,DB00544,3385
GIHCG,lncRNA,LAPATINIB,DB01259,208908
GK-AS1,lncRNA,GEMCITABINE,DB00441,60750
GRM5-AS1,lncRNA,GEMCITABINE,DB00441,60750
GRM7-AS1,lncRNA,CISPLATIN,DB00515,5460033
H19,lncRNA,DOXORUBICIN,DB00997,31703
H19,lncRNA,VERAPAMIL,DB00661,2520
H19,lncRNA,ETOPOSIDE,DB00773,36462
H19,lncRNA,VINCRISTINE,DB00541,5978
H19,lncRNA,CISPLATIN,DB00515,5460033
H19,lncRNA,CRIZOTINIB,DB08865,11626560
H19,lncRNA,"1ALPHA,25-DIHYDROXYVITAMIN D3",DB00136,5280453
H19,lncRNA,PACLITAXEL,DB01229,36314
H19,lncRNA,FLUOROURACIL,DB00544,3385
H19,lncRNA,DOCETAXEL,DB01248,148124
H19,lncRNA,VINORELBINE,DB00361,44424639
H19,lncRNA,OXALIPLATIN,DB00526,6857599
H19,lncRNA,FULVESTRANT,DB00947,17756771
H19,lncRNA,TAMOXIFEN,DB00675,2733525
H19,lncRNA,BORTEZOMIB,DB00188,387447
H19,lncRNA,LAPATINIB,DB01259,208908
H19,lncRNA,METHOTREXATE,DB00563,126941
H19,lncRNA,CABERGOLINE,DB00248,54746
H19,lncRNA,GEFITINIB,DB00317,123631
H19,lncRNA,ERLOTINIB,DB00530,176870
H19,lncRNA,SORAFENIB,DB00398,216239
H19,lncRNA,TEMOZOLOMIDE,DB00853,5394
H19,lncRNA,BROMOCRIPTINE,DB01200,31101
H19,lncRNA,ASPIRIN,DB00945,2244
H19,lncRNA,GEMCITABINE,DB00441,60750
H19,lncRNA,IMATINIB,DB00619,5291
H19,lncRNA,ENZALUTAMIDE,DB08899,15951529
HAGLR,lncRNA,GEMCITABINE,DB00441,60750
HAGLR,lncRNA,FLUOROURACIL,DB00544,3385
HAGLROS,lncRNA,GEMCITABINE,DB00441,60750
HAGLROS,lncRNA,DOXORUBICIN,DB00997,31703
HAND2-AS1,lncRNA,CISPLATIN,DB00515,5460033
HAND2-AS1,lncRNA,PACLITAXEL,DB01229,36314
HAND2-AS1,lncRNA,FLUOROURACIL,DB00544,3385
HAO2-IT1,lncRNA,GEMCITABINE,DB00441,60750
HAR1A,lncRNA,PACLITAXEL,DB01229,36314
HAR1A,lncRNA,CISPLATIN,DB00515,5460033
HAR1B,lncRNA,TEMOZOLOMIDE,DB00853,5394
HCG11,lncRNA,FLUOROURACIL,DB00544,3385
HCG11,lncRNA,TEMOZOLOMIDE,DB00853,5394
HCG14,lncRNA,FLUOROURACIL,DB00544,3385
HCG14,lncRNA,OXALIPLATIN,DB00526,6857599
HCG25,lncRNA,CISPLATIN,DB00515,5460033
HCP5,lncRNA,ERLOTINIB,DB00530,176870
HCP5,lncRNA,CISPLATIN,DB00515,5460033
HCP5,lncRNA,GEMCITABINE,DB00441,60750
HCP5,lncRNA,LENVATINIB,DB09078,9823820
HEIH,lncRNA,PACLITAXEL,DB01229,36314
HEIH,lncRNA,CISPLATIN,DB00515,5460033
HERC2P3,lncRNA,TEMOZOLOMIDE,DB00853,5394
HERC2P9,lncRNA,OXALIPLATIN,DB00526,6857599
HERC2P9,lncRNA,FLUOROURACIL,DB00544,3385
HEXA-AS1,lncRNA,GEMCITABINE,DB00441,60750
HLA-H,lncRNA,TEMOZOLOMIDE,DB00853,5394
HLA-H,lncRNA,GEMCITABINE,DB00441,60750
HM13-AS1,lncRNA,GEMCITABINE,DB00441,60750
HMGA1P4,lncRNA,CISPLATIN,DB00515,5460033
HNF1A-AS1,lncRNA,CISPLATIN,DB00515,5460033
HNF1A-AS1,lncRNA,TAMOXIFEN,DB00675,2733525
HNF4A-AS1,lncRNA,GEMCITABINE,DB00441,60750
HORMAD2-AS1,lncRNA,GEMCITABINE,DB00441,60750
HOTAIR,lncRNA,CISPLATIN,DB00515,5460033
HOTAIR,lncRNA,CARBOPLATIN,DB00958,38904
HOTAIR,lncRNA,PLATINUM,DB12257,23939
HOTAIR,lncRNA,IMATINIB,DB00619,5291
HOTAIR,lncRNA,TEMOZOLOMIDE,DB00853,5394
HOTAIR,lncRNA,VINCRISTINE,DB00541,5978
HOTAIR,lncRNA,GEMCITABINE,DB00441,60750
HOTAIR,lncRNA,CRIZOTINIB,DB08865,11626560
HOTAIR,lncRNA,FLUOROURACIL,DB00544,3385
HOTAIR,lncRNA,MITOMYCIN C,DB00305,5746
HOTAIR,lncRNA,DOXORUBICIN,DB00997,31703
HOTAIR,lncRNA,PROGESTERONE,DB00396,5994
HOTAIR,lncRNA,DEXAMETHASONE,DB01234,5743
HOTAIR,lncRNA,TAMOXIFEN,DB00675,2733525
HOTAIR,lncRNA,SORAFENIB,DB00398,216239
HOTAIR,lncRNA,GEFITINIB,DB00317,123631
HOTAIR,lncRNA,PACLITAXEL,DB01229,36314
HOTAIR,lncRNA,SUNITINIB,DB01268,5329102
HOTAIR,lncRNA,OXALIPLATIN,DB00526,6857599
HOTAIRM1,lncRNA,FLUOROURACIL,DB00544,3385
HOTAIRM1,lncRNA,CYTARABINE,DB00987,6253
HOTAIRM1,lncRNA,DEXAMETHASONE,DB01234,5743
HOTAIRM1,lncRNA,TEMOZOLOMIDE,DB00853,5394
HOTTIP,lncRNA,PACLITAXEL,DB01229,36314
HOTTIP,lncRNA,ETOPOSIDE,DB00773,36462
HOTTIP,lncRNA,CISPLATIN,DB00515,5460033
HOTTIP,lncRNA,DOXORUBICIN,DB00997,31703
HOTTIP,lncRNA,SORAFENIB,DB00398,216239
HOTTIP,lncRNA,GEMCITABINE,DB00441,60750
HOTTIP,lncRNA,MITOMYCIN C,DB00305,5746
HOTTIP,lncRNA,TEMOZOLOMIDE,DB00853,5394
HOXA-AS2,lncRNA,DOXORUBICIN,DB00997,31703
HOXA-AS2,lncRNA,PREDNISONE,DB00635,5865
HOXA-AS2,lncRNA,SORAFENIB,DB00398,216239
HOXA-AS3,lncRNA,CISPLATIN,DB00515,5460033
HOXA-AS3,lncRNA,GEMCITABINE,DB00441,60750
HOXA11-AS,lncRNA,CISPLATIN,DB00515,5460033
HOXA11-AS,lncRNA,OXALIPLATIN,DB00526,6857599
HOXA11-AS,lncRNA,FLUOROURACIL,DB00544,3385
HOXA11-AS,lncRNA,TEMOZOLOMIDE,DB00853,5394
HOXB-AS3,lncRNA,GEMCITABINE,DB00441,60750
HOXB-AS4,lncRNA,GEMCITABINE,DB00441,60750
HOXC-AS1,lncRNA,GEMCITABINE,DB00441,60750
HOXC-AS2,lncRNA,GEMCITABINE,DB00441,60750
HOXC-AS3,lncRNA,CISPLATIN,DB00515,5460033
HOXC-AS3,lncRNA,TAMOXIFEN,DB00675,2733525
HOXC13-AS,lncRNA,OXALIPLATIN,DB00526,6857599
HOXC13-AS,lncRNA,FLUOROURACIL,DB00544,3385
HOXD-AS2,lncRNA,LAPATINIB,DB01259,208908
HOXD-AS2,lncRNA,CISPLATIN,DB00515,5460033
HOXD-AS2,lncRNA,TEMOZOLOMIDE,DB00853,5394
HPN-AS1,lncRNA,GEMCITABINE,DB00441,60750
HS1BP3-IT1,lncRNA,GEMCITABINE,DB00441,60750
HTR5A-AS1,lncRNA,CISPLATIN,DB00515,5460033
HTR7P1,lncRNA,TEMOZOLOMIDE,DB00853,5394
HULC,lncRNA,OXALIPLATIN,DB00526,6857599
HULC,lncRNA,PACLITAXEL,DB01229,36314
HULC,lncRNA,CISPLATIN,DB00515,5460033
HULC,lncRNA,YK-4-279,NA,44632017
HULC,lncRNA,GEMCITABINE,DB00441,60750
HULC,lncRNA,IMATINIB,DB00619,5291
IDI2-AS1,lncRNA,CYCLOHEXIMIDE,NA,6197
IDI2-AS1,lncRNA,GEMCITABINE,DB00441,60750
IER3-AS1,lncRNA,OXALIPLATIN,DB00526,6857599
IER3-AS1,lncRNA,FLUOROURACIL,DB00544,3385
IGF2-AS,lncRNA,CISPLATIN,DB00515,5460033
IGFL2-AS1,lncRNA,DOXORUBICIN,DB00997,31703
IL12A-AS1,lncRNA,GEMCITABINE,DB00441,60750
IPO9-AS1,lncRNA,DOXORUBICIN,DB00997,31703
ITFG2-AS1,lncRNA,FLUOROURACIL,DB00544,3385
ITFG2-AS1,lncRNA,OXALIPLATIN,DB00526,6857599
ITGA9-AS1,lncRNA,TAMOXIFEN,DB00675,2733525
ITIH4-AS1,lncRNA,GEMCITABINE,DB00441,60750
ITPK1-AS1,lncRNA,CRIZOTINIB,DB08865,11626560
JMJD1C-AS1,lncRNA,CISPLATIN,DB00515,5460033
JPX,lncRNA,CISPLATIN,DB00515,5460033
JPX,lncRNA,PACLITAXEL,DB01229,36314
JPX,lncRNA,TEMOZOLOMIDE,DB00853,5394
KANSL1-AS1,lncRNA,GEMCITABINE,DB00441,60750
KBTBD11-OT1,lncRNA,CISPLATIN,DB00515,5460033
KCNK15-AS1,lncRNA,GEMCITABINE,DB00441,60750
KCNK15-AS1,lncRNA,TEMOZOLOMIDE,DB00853,5394
KCNQ1OT1,lncRNA,PACLITAXEL,DB01229,36314
KCNQ1OT1,lncRNA,OXALIPLATIN,DB00526,6857599
KCNQ1OT1,lncRNA,CISPLATIN,DB00515,5460033
KCNQ1OT1,lncRNA,METHOTREXATE,DB00563,126941
KCNQ1OT1,lncRNA,DOXORUBICIN,DB00997,31703
KCNQ1OT1,lncRNA,PHENYTOIN,DB00252,1775
KCNQ1OT1,lncRNA,FLUOROURACIL,DB00544,3385
KCNQ1OT1,lncRNA,SORAFENIB,DB00398,216239
KCNQ1OT1,lncRNA,ETOPOSIDE,DB00773,36462
KCNQ5-AS1,lncRNA,CISPLATIN,DB00515,5460033
KDM7A-DT,lncRNA,FLUOROURACIL,DB00544,3385
KDM7A-DT,lncRNA,OXALIPLATIN,DB00526,6857599
KIAA0087,lncRNA,GEMCITABINE,DB00441,60750
KIF9-AS1,lncRNA,SORAFENIB,DB00398,216239
KIRREL3-AS3,lncRNA,TEMOZOLOMIDE,DB00853,5394
KLHL6-AS1,lncRNA,GEMCITABINE,DB00441,60750
KRT18P55,lncRNA,TEMOZOLOMIDE,DB00853,5394
KRT42P,lncRNA,CISPLATIN,DB00515,5460033
KRT7-AS,lncRNA,GEMCITABINE,DB00441,60750
KRTAP5-AS1,lncRNA,GEMCITABINE,DB00441,60750
KRTAP5-AS1,lncRNA,CISPLATIN,DB00515,5460033
KTN1-AS1,lncRNA,TEMOZOLOMIDE,DB00853,5394
LAMA5-AS1,lncRNA,CISPLATIN,DB00515,5460033
LAMA5-AS1,lncRNA,GEMCITABINE,DB00441,60750
LAMTOR5-AS1,lncRNA,CARBOPLATIN,DB00958,38904
LAMTOR5-AS1,lncRNA,CISPLATIN,DB00515,5460033
LAMTOR5-AS1,lncRNA,ETOPOSIDE,DB00773,36462
LBX2-AS1,lncRNA,GEMCITABINE,DB00441,60750
LCMT1-AS2,lncRNA,CISPLATIN,DB00515,5460033
LEF1-AS1,lncRNA,GEFITINIB,DB00317,123631
LEF1-AS1,lncRNA,CISPLATIN,DB00515,5460033
LEF1-AS1,lncRNA,GEMCITABINE,DB00441,60750
LENG8-AS1,lncRNA,OXALIPLATIN,DB00526,6857599
LENG8-AS1,lncRNA,FLUOROURACIL,DB00544,3385
LHFPL3-AS1,lncRNA,GEMCITABINE,DB00441,60750
LHFPL3-AS1,lncRNA,TEMOZOLOMIDE,DB00853,5394
LIFR-AS1,lncRNA,FLUOROURACIL,DB00544,3385
LIFR-AS1,lncRNA,OXALIPLATIN,DB00526,6857599
LINC-PINT,lncRNA,CISPLATIN,DB00515,5460033
LINC-PINT,lncRNA,PACLITAXEL,DB01229,36314
LINC00052,lncRNA,DOXORUBICIN,DB00997,31703
LINC00052,lncRNA,TEMOZOLOMIDE,DB00853,5394
LINC00092,lncRNA,CISPLATIN,DB00515,5460033
LINC00113,lncRNA,GEMCITABINE,DB00441,60750
LINC00160,lncRNA,SORAFENIB,DB00398,216239
LINC00160,lncRNA,PACLITAXEL,DB01229,36314
LINC00160,lncRNA,DOXORUBICIN,DB00997,31703
LINC00161,lncRNA,CISPLATIN,DB00515,5460033
LINC00173,lncRNA,TEMOZOLOMIDE,DB00853,5394
LINC00173,lncRNA,GEMCITABINE,DB00441,60750
LINC00173,lncRNA,CISPLATIN,DB00515,5460033
LINC00173,lncRNA,FLUOROURACIL,DB00544,3385
LINC00173,lncRNA,OXALIPLATIN,DB00526,6857599
LINC00174,lncRNA,TEMOZOLOMIDE,DB00853,5394
LINC00189,lncRNA,TEMOZOLOMIDE,DB00853,5394
LINC00200,lncRNA,OXALIPLATIN,DB00526,6857599
LINC00210,lncRNA,CISPLATIN,DB00515,5460033
LINC00221,lncRNA,CISPLATIN,DB00515,5460033
LINC00239,lncRNA,DOXORUBICIN,DB00997,31703
LINC00239,lncRNA,GEMCITABINE,DB00441,60750
LINC00242,lncRNA,GEMCITABINE,DB00441,60750
LINC00261,lncRNA,CISPLATIN,DB00515,5460033
LINC00261,lncRNA,METHOTREXATE,DB00563,126941
LINC00261,lncRNA,PACLITAXEL,DB01229,36314
LINC00261,lncRNA,GEMCITABINE,DB00441,60750
LINC00294,lncRNA,FLUOROURACIL,DB00544,3385
LINC00294,lncRNA,OXALIPLATIN,DB00526,6857599
LINC00294,lncRNA,CISPLATIN,DB00515,5460033
LINC00304,lncRNA,GEFITINIB,DB00317,123631
LINC00304,lncRNA,CISPLATIN,DB00515,5460033
LINC00304,lncRNA,GEMCITABINE,DB00441,60750
LINC00313,lncRNA,GEMCITABINE,DB00441,60750
LINC00313,lncRNA,TEMOZOLOMIDE,DB00853,5394
LINC00315,lncRNA,GEMCITABINE,DB00441,60750
LINC00320,lncRNA,TEMOZOLOMIDE,DB00853,5394
LINC00323,lncRNA,GEMCITABINE,DB00441,60750
LINC00323,lncRNA,TEMOZOLOMIDE,DB00853,5394
LINC00324,lncRNA,CISPLATIN,DB00515,5460033
LINC00327,lncRNA,GEMCITABINE,DB00441,60750
LINC00331,lncRNA,CISPLATIN,DB00515,5460033
LINC00336,lncRNA,GEMCITABINE,DB00441,60750
LINC00339,lncRNA,TEMOZOLOMIDE,DB00853,5394
LINC00342,lncRNA,TEMOZOLOMIDE,DB00853,5394
LINC00355,lncRNA,CISPLATIN,DB00515,5460033
LINC00365,lncRNA,GEMCITABINE,DB00441,60750
LINC00378,lncRNA,CISPLATIN,DB00515,5460033
LINC00399,lncRNA,CISPLATIN,DB00515,5460033
LINC00440,lncRNA,CISPLATIN,DB00515,5460033
LINC00442,lncRNA,CISPLATIN,DB00515,5460033
LINC00460,lncRNA,GEFITINIB,DB00317,123631
LINC00460,lncRNA,GEMCITABINE,DB00441,60750
LINC00460,lncRNA,TEMOZOLOMIDE,DB00853,5394
LINC00466,lncRNA,TEMOZOLOMIDE,DB00853,5394
LINC00467,lncRNA,TEMOZOLOMIDE,DB00853,5394
LINC00467,lncRNA,FLUOROURACIL,DB00544,3385
LINC00467,lncRNA,DOXORUBICIN,DB00997,31703
LINC00470,lncRNA,TEMOZOLOMIDE,DB00853,5394
LINC00471,lncRNA,SORAFENIB,DB00398,216239
LINC00472,lncRNA,DOXORUBICIN,DB00997,31703
LINC00472,lncRNA,CISPLATIN,DB00515,5460033
LINC00486,lncRNA,CISPLATIN,DB00515,5460033
LINC00488,lncRNA,CISPLATIN,DB00515,5460033
LINC00494,lncRNA,GEMCITABINE,DB00441,60750
LINC00494,lncRNA,DOXORUBICIN,DB00997,31703
LINC00507,lncRNA,CISPLATIN,DB00515,5460033
LINC00511,lncRNA,CISPLATIN,DB00515,5460033
LINC00511,lncRNA,PACLITAXEL,DB01229,36314
LINC00511,lncRNA,GEMCITABINE,DB00441,60750
LINC00511,lncRNA,TEMOZOLOMIDE,DB00853,5394
LINC00513,lncRNA,CISPLATIN,DB00515,5460033
LINC00518,lncRNA,VINCRISTINE,DB00541,5978
LINC00518,lncRNA,PACLITAXEL,DB01229,36314
LINC00518,lncRNA,DOXORUBICIN,DB00997,31703
LINC00518,lncRNA,TEMOZOLOMIDE,DB00853,5394
LINC00520,lncRNA,CISPLATIN,DB00515,5460033
LINC00524,lncRNA,GEFITINIB,DB00317,123631
LINC00526,lncRNA,GEMCITABINE,DB00441,60750
LINC00529,lncRNA,SORAFENIB,DB00398,216239
LINC00559,lncRNA,CISPLATIN,DB00515,5460033
LINC00574,lncRNA,GEMCITABINE,DB00441,60750
LINC00588,lncRNA,SORAFENIB,DB00398,216239
LINC00589,lncRNA,SORAFENIB,DB00398,216239
LINC00592,lncRNA,CISPLATIN,DB00515,5460033
LINC00592,lncRNA,GEMCITABINE,DB00441,60750
LINC00601,lncRNA,TEMOZOLOMIDE,DB00853,5394
LINC00602,lncRNA,CISPLATIN,DB00515,5460033
LINC00607,lncRNA,DOXORUBICIN,DB00997,31703
LINC00607,lncRNA,FLUOROURACIL,DB00544,3385
LINC00612,lncRNA,CISPLATIN,DB00515,5460033
LINC00622,lncRNA,GEFITINIB,DB00317,123631
LINC00622,lncRNA,GEMCITABINE,DB00441,60750
LINC00622,lncRNA,TEMOZOLOMIDE,DB00853,5394
LINC00624,lncRNA,CISPLATIN,DB00515,5460033
LINC00628,lncRNA,VINCRISTINE,DB00541,5978
LINC00628,lncRNA,GEMCITABINE,DB00441,60750
LINC00632,lncRNA,TEMOZOLOMIDE,DB00853,5394
LINC00635,lncRNA,DOXORUBICIN,DB00997,31703
LINC00639,lncRNA,TEMOZOLOMIDE,DB00853,5394
LINC00641,lncRNA,OXALIPLATIN,DB00526,6857599
LINC00645,lncRNA,METHOTREXATE,DB00563,126941
LINC00648,lncRNA,CISPLATIN,DB00515,5460033
LINC00648,lncRNA,TEMOZOLOMIDE,DB00853,5394
LINC00659,lncRNA,GEFITINIB,DB00317,123631
LINC00659,lncRNA,OXALIPLATIN,DB00526,6857599
LINC00659,lncRNA,FLUOROURACIL,DB00544,3385
LINC00662,lncRNA,PACLITAXEL,DB01229,36314
LINC00662,lncRNA,CISPLATIN,DB00515,5460033
LINC00665,lncRNA,GEFITINIB,DB00317,123631
LINC00665,lncRNA,GEMCITABINE,DB00441,60750
LINC00665,lncRNA,CISPLATIN,DB00515,5460033
LINC00680,lncRNA,FLUOROURACIL,DB00544,3385
LINC00683,lncRNA,DOXORUBICIN,DB00997,31703
LINC00702,lncRNA,TEMOZOLOMIDE,DB00853,5394
LINC00708,lncRNA,CISPLATIN,DB00515,5460033
LINC00708,lncRNA,DOXORUBICIN,DB00997,31703
LINC00839,lncRNA,LAPATINIB,DB01259,208908
LINC00839,lncRNA,DOXORUBICIN,DB00997,31703
LINC00842,lncRNA,TEMOZOLOMIDE,DB00853,5394
LINC00842,lncRNA,DOXORUBICIN,DB00997,31703
LINC00844,lncRNA,GEMCITABINE,DB00441,60750
LINC00852,lncRNA,CISPLATIN,DB00515,5460033
LINC00853,lncRNA,CISPLATIN,DB00515,5460033
LINC00853,lncRNA,GEMCITABINE,DB00441,60750
LINC00857,lncRNA,DOXORUBICIN,DB00997,31703
LINC00865,lncRNA,GEMCITABINE,DB00441,60750
LINC00870,lncRNA,GEMCITABINE,DB00441,60750
LINC00880,lncRNA,GEFITINIB,DB00317,123631
LINC00882,lncRNA,DOXORUBICIN,DB00997,31703
LINC00885,lncRNA,GEMCITABINE,DB00441,60750
LINC00887,lncRNA,CISPLATIN,DB00515,5460033
LINC00887,lncRNA,GEMCITABINE,DB00441,60750
LINC00899,lncRNA,SORAFENIB,DB00398,216239
LINC00907,lncRNA,GEMCITABINE,DB00441,60750
LINC00920,lncRNA,CISPLATIN,DB00515,5460033
LINC00930,lncRNA,GEMCITABINE,DB00441,60750
LINC00934,lncRNA,CISPLATIN,DB00515,5460033
LINC00937,lncRNA,DOXORUBICIN,DB00997,31703
LINC00941,lncRNA,GEMCITABINE,DB00441,60750
LINC00941,lncRNA,DOXORUBICIN,DB00997,31703
LINC00942,lncRNA,METHOTREXATE,DB00563,126941
LINC00942,lncRNA,GEMCITABINE,DB00441,60750
LINC00942,lncRNA,DOXORUBICIN,DB00997,31703
LINC00943,lncRNA,BERBERINE,DB04115,2353
LINC00944,lncRNA,DOXORUBICIN,DB00997,31703
LINC00944,lncRNA,TEMOZOLOMIDE,DB00853,5394
LINC00944,lncRNA,GEMCITABINE,DB00441,60750
LINC00944,lncRNA,CISPLATIN,DB00515,5460033
LINC00944,lncRNA,SORAFENIB,DB00398,216239
LINC00957,lncRNA,FLUOROURACIL,DB00544,3385
LINC00958,lncRNA,TEMOZOLOMIDE,DB00853,5394
LINC00960,lncRNA,CISPLATIN,DB00515,5460033
LINC00963,lncRNA,CISPLATIN,DB00515,5460033
LINC00963,lncRNA,FLUOROURACIL,DB00544,3385
LINC00963,lncRNA,TEMOZOLOMIDE,DB00853,5394
LINC00963,lncRNA,OXALIPLATIN,DB00526,6857599
LINC00964,lncRNA,TEMOZOLOMIDE,DB00853,5394
LINC00968,lncRNA,DOXORUBICIN,DB00997,31703
LINC00968,lncRNA,SORAFENIB,DB00398,216239
LINC00968,lncRNA,TEMOZOLOMIDE,DB00853,5394
LINC00970,lncRNA,CISPLATIN,DB00515,5460033
LINC00973,lncRNA,FLUOROURACIL,DB00544,3385
LINC00973,lncRNA,TEMOZOLOMIDE,DB00853,5394
LINC00987,lncRNA,GEMCITABINE,DB00441,60750
LINC00987,lncRNA,TEMOZOLOMIDE,DB00853,5394
LINC00992,lncRNA,GEFITINIB,DB00317,123631
LINC00992,lncRNA,GEMCITABINE,DB00441,60750
LINC00992,lncRNA,DOXORUBICIN,DB00997,31703
LINC01003,lncRNA,FLUOROURACIL,DB00544,3385
LINC01003,lncRNA,OXALIPLATIN,DB00526,6857599
LINC01011,lncRNA,GEMCITABINE,DB00441,60750
LINC01014,lncRNA,GEFITINIB,DB00317,123631
LINC01018,lncRNA,GEMCITABINE,DB00441,60750
LINC01029,lncRNA,DOXORUBICIN,DB00997,31703
LINC01081,lncRNA,CISPLATIN,DB00515,5460033
LINC01091,lncRNA,CISPLATIN,DB00515,5460033
LINC01093,lncRNA,GEMCITABINE,DB00441,60750
LINC01106,lncRNA,CISPLATIN,DB00515,5460033
LINC01106,lncRNA,GEMCITABINE,DB00441,60750
LINC01106,lncRNA,OXALIPLATIN,DB00526,6857599
LINC01106,lncRNA,FLUOROURACIL,DB00544,3385
LINC01106,lncRNA,TEMOZOLOMIDE,DB00853,5394
LINC01116,lncRNA,DOXORUBICIN,DB00997,31703
LINC01116,lncRNA,LAPATINIB,DB01259,208908
LINC01116,lncRNA,GEMCITABINE,DB00441,60750
LINC01116,lncRNA,TEMOZOLOMIDE,DB00853,5394
LINC01117,lncRNA,GEMCITABINE,DB00441,60750
LINC01118,lncRNA,CISPLATIN,DB00515,5460033
LINC01118,lncRNA,PACLITAXEL,DB01229,36314
LINC01121,lncRNA,GEMCITABINE,DB00441,60750
LINC01123,lncRNA,CISPLATIN,DB00515,5460033
LINC01123,lncRNA,GEMCITABINE,DB00441,60750
LINC01123,lncRNA,FLUOROURACIL,DB00544,3385
LINC01123,lncRNA,OXALIPLATIN,DB00526,6857599
LINC01124,lncRNA,GEMCITABINE,DB00441,60750
LINC01127,lncRNA,CISPLATIN,DB00515,5460033
LINC01128,lncRNA,GEMCITABINE,DB00441,60750
LINC01133,lncRNA,CISPLATIN,DB00515,5460033
LINC01133,lncRNA,GEMCITABINE,DB00441,60750
LINC01134,lncRNA,OXALIPLATIN,DB00526,6857599
LINC01138,lncRNA,GEFITINIB,DB00317,123631
LINC01139,lncRNA,TEMOZOLOMIDE,DB00853,5394
LINC01152,lncRNA,CISPLATIN,DB00515,5460033
LINC01152,lncRNA,GEMCITABINE,DB00441,60750
LINC01153,lncRNA,CISPLATIN,DB00515,5460033
LINC01159,lncRNA,GEMCITABINE,DB00441,60750
LINC01186,lncRNA,GEMCITABINE,DB00441,60750
LINC01189,lncRNA,FLUOROURACIL,DB00544,3385
LINC01198,lncRNA,TEMOZOLOMIDE,DB00853,5394
LINC01222,lncRNA,CISPLATIN,DB00515,5460033
LINC01224,lncRNA,CISPLATIN,DB00515,5460033
LINC01230,lncRNA,CISPLATIN,DB00515,5460033
LINC01234,lncRNA,CISPLATIN,DB00515,5460033
LINC01234,lncRNA,GEMCITABINE,DB00441,60750
LINC01241,lncRNA,METHOTREXATE,DB00563,126941
LINC01249,lncRNA,CISPLATIN,DB00515,5460033
LINC01254,lncRNA,CISPLATIN,DB00515,5460033
LINC01256,lncRNA,CISPLATIN,DB00515,5460033
LINC01262,lncRNA,CISPLATIN,DB00515,5460033
LINC01270,lncRNA,FLUOROURACIL,DB00544,3385
LINC01270,lncRNA,OXALIPLATIN,DB00526,6857599
LINC01273,lncRNA,FLUOROURACIL,DB00544,3385
LINC01273,lncRNA,OXALIPLATIN,DB00526,6857599
LINC01277,lncRNA,CISPLATIN,DB00515,5460033
LINC01277,lncRNA,GEMCITABINE,DB00441,60750
LINC01311,lncRNA,GEMCITABINE,DB00441,60750
LINC01315,lncRNA,OXALIPLATIN,DB00526,6857599
LINC01315,lncRNA,FLUOROURACIL,DB00544,3385
LINC01315,lncRNA,CISPLATIN,DB00515,5460033
LINC01324,lncRNA,CISPLATIN,DB00515,5460033
LINC01342,lncRNA,GEMCITABINE,DB00441,60750
LINC01352,lncRNA,CISPLATIN,DB00515,5460033
LINC01352,lncRNA,TEMOZOLOMIDE,DB00853,5394
LINC01354,lncRNA,GEMCITABINE,DB00441,60750
LINC01370,lncRNA,GEMCITABINE,DB00441,60750
LINC01389,lncRNA,CISPLATIN,DB00515,5460033
LINC01410,lncRNA,TEMOZOLOMIDE,DB00853,5394
LINC01411,lncRNA,GEMCITABINE,DB00441,60750
LINC01416,lncRNA,CISPLATIN,DB00515,5460033
LINC01419,lncRNA,DOXORUBICIN,DB00997,31703
LINC01431,lncRNA,CISPLATIN,DB00515,5460033
LINC01436,lncRNA,GEMCITABINE,DB00441,60750
LINC01474,lncRNA,GEMCITABINE,DB00441,60750
LINC01482,lncRNA,GEMCITABINE,DB00441,60750
LINC01485,lncRNA,GEMCITABINE,DB00441,60750
LINC01503,lncRNA,GEFITINIB,DB00317,123631
LINC01503,lncRNA,FLUOROURACIL,DB00544,3385
LINC01503,lncRNA,OXALIPLATIN,DB00526,6857599
LINC01503,lncRNA,CARBOPLATIN,DB00958,38904
LINC01507,lncRNA,CISPLATIN,DB00515,5460033
LINC01508,lncRNA,CISPLATIN,DB00515,5460033
LINC01515,lncRNA,DOXORUBICIN,DB00997,31703
LINC01521,lncRNA,CISPLATIN,DB00515,5460033
LINC01531,lncRNA,CISPLATIN,DB00515,5460033
LINC01535,lncRNA,GEMCITABINE,DB00441,60750
LINC01537,lncRNA,GEMCITABINE,DB00441,60750
LINC01549,lncRNA,GEMCITABINE,DB00441,60750
LINC01551,lncRNA,TEMOZOLOMIDE,DB00853,5394
LINC01554,lncRNA,GEMCITABINE,DB00441,60750
LINC01559,lncRNA,OXALIPLATIN,DB00526,6857599
LINC01559,lncRNA,GEMCITABINE,DB00441,60750
LINC01560,lncRNA,FLUOROURACIL,DB00544,3385
LINC01560,lncRNA,OXALIPLATIN,DB00526,6857599
LINC01564,lncRNA,GEMCITABINE,DB00441,60750
LINC01572,lncRNA,CISPLATIN,DB00515,5460033
LINC01572,lncRNA,GEMCITABINE,DB00441,60750
LINC01582,lncRNA,DOXORUBICIN,DB00997,31703
LINC01583,lncRNA,GEMCITABINE,DB00441,60750
LINC01588,lncRNA,CISPLATIN,DB00515,5460033
LINC01589,lncRNA,CISPLATIN,DB00515,5460033
LINC01589,lncRNA,GEMCITABINE,DB00441,60750
LINC01591,lncRNA,SORAFENIB,DB00398,216239
LINC01595,lncRNA,GEMCITABINE,DB00441,60750
LINC01600,lncRNA,GEMCITABINE,DB00441,60750
LINC01612,lncRNA,GEMCITABINE,DB00441,60750
LINC01615,lncRNA,GEMCITABINE,DB00441,60750
LINC01619,lncRNA,CISPLATIN,DB00515,5460033
LINC01625,lncRNA,GEMCITABINE,DB00441,60750
LINC01625,lncRNA,CISPLATIN,DB00515,5460033
LINC01626,lncRNA,CISPLATIN,DB00515,5460033
LINC01639,lncRNA,GEMCITABINE,DB00441,60750
LINC01659,lncRNA,GEMCITABINE,DB00441,60750
LINC01671,lncRNA,GEMCITABINE,DB00441,60750
LINC01687,lncRNA,GEMCITABINE,DB00441,60750
LINC01702,lncRNA,GEMCITABINE,DB00441,60750
LINC01711,lncRNA,GEMCITABINE,DB00441,60750
LINC01711,lncRNA,OXALIPLATIN,DB00526,6857599
LINC01711,lncRNA,FLUOROURACIL,DB00544,3385
LINC01725,lncRNA,GEMCITABINE,DB00441,60750
LINC01727,lncRNA,GEMCITABINE,DB00441,60750
LINC01730,lncRNA,GEMCITABINE,DB00441,60750
LINC01744,lncRNA,CISPLATIN,DB00515,5460033
LINC01748,lncRNA,GEMCITABINE,DB00441,60750
LINC01762,lncRNA,GEMCITABINE,DB00441,60750
LINC01767,lncRNA,GEMCITABINE,DB00441,60750
LINC01772,lncRNA,FLUOROURACIL,DB00544,3385
LINC01772,lncRNA,OXALIPLATIN,DB00526,6857599
LINC01780,lncRNA,GEMCITABINE,DB00441,60750
LINC01816,lncRNA,GEMCITABINE,DB00441,60750
LINC01829,lncRNA,GEMCITABINE,DB00441,60750
LINC01831,lncRNA,GEMCITABINE,DB00441,60750
LINC01833,lncRNA,GEMCITABINE,DB00441,60750
LINC01836,lncRNA,GEMCITABINE,DB00441,60750
LINC01849,lncRNA,CISPLATIN,DB00515,5460033
LINC01854,lncRNA,SORAFENIB,DB00398,216239
LINC01913,lncRNA,GEMCITABINE,DB00441,60750
LINC01914,lncRNA,GEMCITABINE,DB00441,60750
LINC01929,lncRNA,GEMCITABINE,DB00441,60750
LINC01943,lncRNA,GEMCITABINE,DB00441,60750
LINC01945,lncRNA,CISPLATIN,DB00515,5460033
LINC01948,lncRNA,GEMCITABINE,DB00441,60750
LINC01956,lncRNA,GEMCITABINE,DB00441,60750
LINC01963,lncRNA,GEMCITABINE,DB00441,60750
LINC01977,lncRNA,GEMCITABINE,DB00441,60750
LINC01978,lncRNA,GEMCITABINE,DB00441,60750
LINC01988,lncRNA,CISPLATIN,DB00515,5460033
LINC02004,lncRNA,GEMCITABINE,DB00441,60750
LINC02012,lncRNA,GEMCITABINE,DB00441,60750
LINC02014,lncRNA,GEMCITABINE,DB00441,60750
LINC02015,lncRNA,GEMCITABINE,DB00441,60750
LINC02015,lncRNA,CISPLATIN,DB00515,5460033
LINC02027,lncRNA,GEMCITABINE,DB00441,60750
LINC02028,lncRNA,GEMCITABINE,DB00441,60750
LINC02037,lncRNA,GEMCITABINE,DB00441,60750
LINC02038,lncRNA,GEMCITABINE,DB00441,60750
LINC02041,lncRNA,GEMCITABINE,DB00441,60750
LINC02073,lncRNA,GEMCITABINE,DB00441,60750
LINC02084,lncRNA,CISPLATIN,DB00515,5460033
LINC02086,lncRNA,GEMCITABINE,DB00441,60750
LINC02097,lncRNA,GEMCITABINE,DB00441,60750
LINC02115,lncRNA,GEMCITABINE,DB00441,60750
LINC02137,lncRNA,CISPLATIN,DB00515,5460033
LINC02139,lncRNA,GEMCITABINE,DB00441,60750
LINC02154,lncRNA,GEMCITABINE,DB00441,60750
LINC02182,lncRNA,GEMCITABINE,DB00441,60750
LINC02188,lncRNA,GEMCITABINE,DB00441,60750
LINC02198,lncRNA,GEMCITABINE,DB00441,60750
LINC02209,lncRNA,SORAFENIB,DB00398,216239
LINC02212,lncRNA,GEMCITABINE,DB00441,60750
LINC02219,lncRNA,CISPLATIN,DB00515,5460033
LINC02241,lncRNA,CISPLATIN,DB00515,5460033
LINC02261,lncRNA,GEMCITABINE,DB00441,60750
LINC02266,lncRNA,GEMCITABINE,DB00441,60750
LINC02275,lncRNA,GEMCITABINE,DB00441,60750
LINC02280,lncRNA,GEMCITABINE,DB00441,60750
LINC02289,lncRNA,GEMCITABINE,DB00441,60750
LINC02298,lncRNA,GEMCITABINE,DB00441,60750
LINC02313,lncRNA,GEMCITABINE,DB00441,60750
LINC02331,lncRNA,GEMCITABINE,DB00441,60750
LINC02345,lncRNA,GEMCITABINE,DB00441,60750
LINC02357,lncRNA,CISPLATIN,DB00515,5460033
LINC02362,lncRNA,GEMCITABINE,DB00441,60750
LINC02365,lncRNA,GEMCITABINE,DB00441,60750
LINC02365,lncRNA,CISPLATIN,DB00515,5460033
LINC02388,lncRNA,GEMCITABINE,DB00441,60750
LINC02389,lncRNA,GEMCITABINE,DB00441,60750
LINC02418,lncRNA,GEMCITABINE,DB00441,60750
LINC02421,lncRNA,GEMCITABINE,DB00441,60750
LINC02428,lncRNA,GEMCITABINE,DB00441,60750
LINC02441,lncRNA,GEMCITABINE,DB00441,60750
LINC02447,lncRNA,GEMCITABINE,DB00441,60750
LINC02453,lncRNA,GEMCITABINE,DB00441,60750
LINC02478,lncRNA,CISPLATIN,DB00515,5460033
LINC02482,lncRNA,GEMCITABINE,DB00441,60750
LINC02484,lncRNA,GEMCITABINE,DB00441,60750
LINC02499,lncRNA,GEMCITABINE,DB00441,60750
LINC02506,lncRNA,GEMCITABINE,DB00441,60750
LINC02506,lncRNA,DOXORUBICIN,DB00997,31703
LINC02519,lncRNA,GEMCITABINE,DB00441,60750
LINC02551,lncRNA,GEMCITABINE,DB00441,60750
LINC02560,lncRNA,GEMCITABINE,DB00441,60750
LINC02576,lncRNA,CISPLATIN,DB00515,5460033
LINP1,lncRNA,DOXORUBICIN,DB00997,31703
LINP1,lncRNA,FLUOROURACIL,DB00544,3385
LINP1,lncRNA,TAMOXIFEN,DB00675,2733525
LINP1,lncRNA,GEMCITABINE,DB00441,60750
LIPE-AS1,lncRNA,CISPLATIN,DB00515,5460033
LIVAR,lncRNA,GEMCITABINE,DB00441,60750
LNC-LBCS,lncRNA,GEMCITABINE,DB00441,60750
LNC-LBCS,lncRNA,CISPLATIN,DB00515,5460033
LOXL1-AS1,lncRNA,GEFITINIB,DB00317,123631
LOXL1-AS1,lncRNA,METHOTREXATE,DB00563,126941
LOXL1-AS1,lncRNA,CISPLATIN,DB00515,5460033
LOXL1-AS1,lncRNA,GEMCITABINE,DB00441,60750
LOXL1-AS1,lncRNA,TEMOZOLOMIDE,DB00853,5394
LSINCT5,lncRNA,ERLOTINIB,DB00530,176870
LUCAT1,lncRNA,METHOTREXATE,DB00563,126941
LUCAT1,lncRNA,OXALIPLATIN,DB00526,6857599
LUCAT1,lncRNA,CAMPTOTHECIN,DB04690,24360
LUCAT1,lncRNA,DOXORUBICIN,DB00997,31703
LUCAT1,lncRNA,FLUOROURACIL,DB00544,3385
LUCAT1,lncRNA,CISPLATIN,DB00515,5460033
LY6E-DT,lncRNA,OXALIPLATIN,DB00526,6857599
LY6E-DT,lncRNA,FLUOROURACIL,DB00544,3385
LY6E-DT,lncRNA,SORAFENIB,DB00398,216239
MACC1-AS1,lncRNA,OXALIPLATIN,DB00526,6857599
MACC1-AS1,lncRNA,FLUOROURACIL,DB00544,3385
MAFTRR,lncRNA,GEMCITABINE,DB00441,60750
MAGI2-AS3,lncRNA,TEMOZOLOMIDE,DB00853,5394
MAGI2-AS3,lncRNA,CISPLATIN,DB00515,5460033
MAGI2-AS3,lncRNA,GEMCITABINE,DB00441,60750
MALAT1,lncRNA,MITOMYCIN C,DB00305,5746
MALAT1,lncRNA,DOXORUBICIN,DB00997,31703
MALAT1,lncRNA,FLUOROURACIL,DB00544,3385
MALAT1,lncRNA,GEFITINIB,DB00317,123631
MALAT1,lncRNA,OXALIPLATIN,DB00526,6857599
MALAT1,lncRNA,TEMOZOLOMIDE,DB00853,5394
MALAT1,lncRNA,ENZALUTAMIDE,DB08899,15951529
MALAT1,lncRNA,BORTEZOMIB,DB00188,387447
MALAT1,lncRNA,CISPLATIN,DB00515,5460033
MALAT1,lncRNA,VINCRISTINE,DB00541,5978
MALAT1,lncRNA,IMATINIB,DB00619,5291
MALAT1,lncRNA,PACLITAXEL,DB01229,36314
MALAT1,lncRNA,CYTARABINE,DB00987,6253
MALAT1,lncRNA,OSIMERTINIB,DB09330,71496458
MALAT1,lncRNA,YK-4-279,NA,44632017
MALAT1,lncRNA,TAMOXIFEN,DB00675,2733525
MALAT1,lncRNA,SORAFENIB,DB00398,216239
MALAT1,lncRNA,TAXANE,NA,9548828
MALAT1,lncRNA,SUNITINIB,DB01268,5329102
MALAT1,lncRNA,LENVATINIB,DB09078,9823820
MAN1B1-DT,lncRNA,OXALIPLATIN,DB00526,6857599
MAN1B1-DT,lncRNA,FLUOROURACIL,DB00544,3385
MAPKAPK5-AS1,lncRNA,FLUOROURACIL,DB00544,3385
MAPKAPK5-AS1,lncRNA,OXALIPLATIN,DB00526,6857599
MAST4-AS1,lncRNA,GEFITINIB,DB00317,123631
MAST4-AS1,lncRNA,GEMCITABINE,DB00441,60750
MBNL1-AS1,lncRNA,GEFITINIB,DB00317,123631
MBNL1-AS1,lncRNA,CISPLATIN,DB00515,5460033
MCCC1-AS1,lncRNA,VINCRISTINE,DB00541,5978
MEF2C-AS1,lncRNA,CISPLATIN,DB00515,5460033
MEG3,lncRNA,CISPLATIN,DB00515,5460033
MEG3,lncRNA,TEMOZOLOMIDE,DB00853,5394
MEG3,lncRNA,IMATINIB,DB00619,5291
MEG3,lncRNA,OXALIPLATIN,DB00526,6857599
MEG3,lncRNA,GEMCITABINE,DB00441,60750
MEG3,lncRNA,VINCRISTINE,DB00541,5978
MEG3,lncRNA,CYCLOPHOSPHAMIDE,DB00531,2907
MEG3,lncRNA,CRIZOTINIB,DB08865,11626560
MEG3,lncRNA,CERITINIB,DB09063,57379345
MEG3,lncRNA,PACLITAXEL,DB01229,36314
MEG3,lncRNA,DOXORUBICIN,DB00997,31703
MEG3,lncRNA,VINORELBINE,DB00361,44424639
MEG3,lncRNA,FLUOROURACIL,DB00544,3385
MEG8,lncRNA,TEMOZOLOMIDE,DB00853,5394
MELTF-AS1,lncRNA,GEMCITABINE,DB00441,60750
MIAT,lncRNA,MITOXANTRONE,DB01204,4212
MIAT,lncRNA,FLUOROURACIL,DB00544,3385
MIAT,lncRNA,NUTLIN-3A,NA,11433190
MIAT,lncRNA,DOCETAXEL,DB01248,148124
MIAT,lncRNA,BORTEZOMIB,DB00188,387447
MIAT,lncRNA,PACLITAXEL,DB01229,36314
MIAT,lncRNA,SORAFENIB,DB00398,216239
MIAT,lncRNA,CISPLATIN,DB00515,5460033
MINCR,lncRNA,OXALIPLATIN,DB00526,6857599
MINCR,lncRNA,FLUOROURACIL,DB00544,3385
MIR100HG,lncRNA,TEMOZOLOMIDE,DB00853,5394
MIR100HG,lncRNA,LAPATINIB,DB01259,208908
MIR137HG,lncRNA,GEFITINIB,DB00317,123631
MIR155HG,lncRNA,DOXORUBICIN,DB00997,31703
MIR155HG,lncRNA,CISPLATIN,DB00515,5460033
MIR155HG,lncRNA,METHOTREXATE,DB00563,126941
MIR155HG,lncRNA,PACLITAXEL,DB01229,36314
MIR155HG,lncRNA,TEMOZOLOMIDE,DB00853,5394
MIR155HG,lncRNA,OXALIPLATIN,DB00526,6857599
MIR17HG,lncRNA,GEFITINIB,DB00317,123631
MIR17HG,lncRNA,YK-4-279,NA,44632017
MIR17HG,lncRNA,CISPLATIN,DB00515,5460033
MIR17HG,lncRNA,PACLITAXEL,DB01229,36314
MIR181A1HG,lncRNA,FLUOROURACIL,DB00544,3385
MIR181A1HG,lncRNA,OXALIPLATIN,DB00526,6857599
MIR181A2HG,lncRNA,GEMCITABINE,DB00441,60750
MIR181A2HG,lncRNA,FLUOROURACIL,DB00544,3385
MIR181A2HG,lncRNA,OXALIPLATIN,DB00526,6857599
MIR193BHG,lncRNA,OXALIPLATIN,DB00526,6857599
MIR193BHG,lncRNA,FLUOROURACIL,DB00544,3385
MIR200CHG,lncRNA,GEMCITABINE,DB00441,60750
MIR200CHG,lncRNA,CISPLATIN,DB00515,5460033
MIR2052HG,lncRNA,ANASTROZOLE,DB01217,2187
MIR205HG,lncRNA,LAPATINIB,DB01259,208908
MIR205HG,lncRNA,ERLOTINIB,DB00530,176870
MIR210HG,lncRNA,GEMCITABINE,DB00441,60750
MIR210HG,lncRNA,TEMOZOLOMIDE,DB00853,5394
MIR22HG,lncRNA,GEFITINIB,DB00317,123631
MIR22HG,lncRNA,CISPLATIN,DB00515,5460033
MIR31HG,lncRNA,GEMCITABINE,DB00441,60750
MIR3945HG,lncRNA,DOXORUBICIN,DB00997,31703
MIR3976HG,lncRNA,CISPLATIN,DB00515,5460033
MIR4435-2HG,lncRNA,CISPLATIN,DB00515,5460033
MIR4435-2HG,lncRNA,GEMCITABINE,DB00441,60750
MIR4435-2HG,lncRNA,FLUOROURACIL,DB00544,3385
MIR4435-2HG,lncRNA,OXALIPLATIN,DB00526,6857599
MIR4500HG,lncRNA,TEMOZOLOMIDE,DB00853,5394
MIR503HG,lncRNA,CISPLATIN,DB00515,5460033
MIR503HG,lncRNA,DOXORUBICIN,DB00997,31703
MIR600HG,lncRNA,OXALIPLATIN,DB00526,6857599
MIR7-3HG,lncRNA,PACLITAXEL,DB01229,36314
MIR99AHG,lncRNA,GEMCITABINE,DB00441,60750
MIR99AHG,lncRNA,CISPLATIN,DB00515,5460033
MIRLET7BHG,lncRNA,TEMOZOLOMIDE,DB00853,5394
MME-AS1,lncRNA,ERLOTINIB,DB00530,176870
MNX1-AS1,lncRNA,GEMCITABINE,DB00441,60750
MNX1-AS2,lncRNA,GEMCITABINE,DB00441,60750
MRPS30-DT,lncRNA,OXALIPLATIN,DB00526,6857599
MRPS30-DT,lncRNA,FLUOROURACIL,DB00544,3385
MSC-AS1,lncRNA,GEMCITABINE,DB00441,60750
MSC-AS1,lncRNA,CISPLATIN,DB00515,5460033
MSC-AS1,lncRNA,TEMOZOLOMIDE,DB00853,5394
MT1JP,lncRNA,LENVATINIB,DB09078,9823820
MYLK-AS1,lncRNA,GEMCITABINE,DB00441,60750
NADK2-AS1,lncRNA,GEMCITABINE,DB00441,60750
NAPSB,lncRNA,CISPLATIN,DB00515,5460033
NBAT1,lncRNA,SERDEMETAN,DB12027,11609586
NBAT1,lncRNA,ETOPOSIDE,DB00773,36462
NBAT1,lncRNA,NUTLIN-3A,NA,11433190
NBAT1,lncRNA,DOXORUBICIN,DB00997,31703
NBAT1,lncRNA,CISPLATIN,DB00515,5460033
NBR2,lncRNA,PHENFORMIN,DB00914,8249
NBR2,lncRNA,PACLITAXEL,DB01229,36314
NEAT1,lncRNA,VINCRISTINE,DB00541,5978
NEAT1,lncRNA,CISPLATIN,DB00515,5460033
NEAT1,lncRNA,GEFITINIB,DB00317,123631
NEAT1,lncRNA,GEMCITABINE,DB00441,60750
NEAT1,lncRNA,DOXORUBICIN,DB00997,31703
NEAT1,lncRNA,DEXAMETHASONE,DB01234,5743
NEAT1,lncRNA,PACLITAXEL,DB01229,36314
NEAT1,lncRNA,PACLITAXEL,DB01229,36314
NEAT1,lncRNA,SORAFENIB,DB00398,216239
NEAT1,lncRNA,OXALIPLATIN,DB00526,6857599
NEAT1,lncRNA,YK-4-279,NA,44632017
NEAT1,lncRNA,DOCETAXEL,DB01248,148124
NEAT1,lncRNA,FLUOROURACIL,DB00544,3385
NEAT1,lncRNA,TAMOXIFEN,DB00675,2733525
NEAT1,lncRNA,VORINOSTAT,DB02546,5311
NEAT1,lncRNA,TEMOZOLOMIDE,DB00853,5394
NEAT1,lncRNA,BORTEZOMIB,DB00188,387447
NEAT1,lncRNA,ERASTIN,NA,11214940
NEAT1,lncRNA,LENVATINIB,DB09078,9823820
NEAT1,lncRNA,ANLOTINIB,DB11885,25017411
NEBL-AS1,lncRNA,GEMCITABINE,DB00441,60750
NEXN-AS1,lncRNA,GEMCITABINE,DB00441,60750
NFIA-AS1,lncRNA,CISPLATIN,DB00515,5460033
NFIA-AS2,lncRNA,GEMCITABINE,DB00441,60750
NKILA,lncRNA,GEMCITABINE,DB00441,60750
NNT-AS1,lncRNA,CISPLATIN,DB00515,5460033
NORAD,lncRNA,BUFALIN,NA,9547215
NORAD,lncRNA,CISPLATIN,DB00515,5460033
NORAD,lncRNA,DOXORUBICIN,DB00997,31703
NORAD,lncRNA,OXALIPLATIN,DB00526,6857599
NORAD,lncRNA,GEMCITABINE,DB00441,60750
NORAD,lncRNA,FLUOROURACIL,DB00544,3385
NPSR1-AS1,lncRNA,GEMCITABINE,DB00441,60750
NPSR1-AS1,lncRNA,LENVATINIB,DB09078,9823820
NR2F1-AS1,lncRNA,OXALIPLATIN,DB00526,6857599
NR2F1-AS1,lncRNA,CISPLATIN,DB00515,5460033
NR2F2-AS1,lncRNA,GEFITINIB,DB00317,123631
NR2F2-AS1,lncRNA,CISPLATIN,DB00515,5460033
NRAV,lncRNA,CISPLATIN,DB00515,5460033
NRAV,lncRNA,PACLITAXEL,DB01229,36314
NRG1-IT1,lncRNA,GEMCITABINE,DB00441,60750
NRG3-AS1,lncRNA,CISPLATIN,DB00515,5460033
NRIR,lncRNA,CISPLATIN,DB00515,5460033
NRSN2-AS1,lncRNA,GEMCITABINE,DB00441,60750
NUTM2A-AS1,lncRNA,FLUOROURACIL,DB00544,3385
NUTM2A-AS1,lncRNA,OXALIPLATIN,DB00526,6857599
OGFR-AS1,lncRNA,GEMCITABINE,DB00441,60750
OGFRP1,lncRNA,DOCETAXEL,DB01248,148124
OIP5-AS1,lncRNA,TEMOZOLOMIDE,DB00853,5394
OIP5-AS1,lncRNA,PACLITAXEL,DB01229,36314
OIP5-AS1,lncRNA,CISPLATIN,DB00515,5460033
OIP5-AS1,lncRNA,DOXORUBICIN,DB00997,31703
OIP5-AS1,lncRNA,OXALIPLATIN,DB00526,6857599
OIP5-AS1,lncRNA,IMATINIB,DB00619,5291
OLMALINC,lncRNA,CISPLATIN,DB00515,5460033
OSTN-AS1,lncRNA,GEMCITABINE,DB00441,60750
OTX2-AS1,lncRNA,METHOTREXATE,DB00563,126941
OXCT1-AS1,lncRNA,FLUOROURACIL,DB00544,3385
OXCT1-AS1,lncRNA,OXALIPLATIN,DB00526,6857599
PAN3-AS1,lncRNA,CISPLATIN,DB00515,5460033
PANDAR,lncRNA,CISPLATIN,DB00515,5460033
PANTR1,lncRNA,IMATINIB,DB00619,5291
PAQR9-AS1,lncRNA,GEMCITABINE,DB00441,60750
PARD6G-AS1,lncRNA,CISPLATIN,DB00515,5460033
PART1,lncRNA,GEFITINIB,DB00317,123631
PART1,lncRNA,CISPLATIN,DB00515,5460033
PAX8-AS1,lncRNA,GEMCITABINE,DB00441,60750
PAX8-AS1,lncRNA,OXALIPLATIN,DB00526,6857599
PAX8-AS1,lncRNA,FLUOROURACIL,DB00544,3385
PCAT1,lncRNA,CISPLATIN,DB00515,5460033
PCAT1,lncRNA,FLUOROURACIL,DB00544,3385
PCAT14,lncRNA,GEMCITABINE,DB00441,60750
PCAT6,lncRNA,FLUOROURACIL,DB00544,3385
PCAT6,lncRNA,GEMCITABINE,DB00441,60750
PCAT6,lncRNA,GEFITINIB,DB00317,123631
PCBP1-AS1,lncRNA,CISPLATIN,DB00515,5460033
PCBP1-AS1,lncRNA,ENZALUTAMIDE,DB08899,15951529
PCBP2-OT1,lncRNA,FLUOROURACIL,DB00544,3385
PCBP2-OT1,lncRNA,OXALIPLATIN,DB00526,6857599
PCED1B-AS1,lncRNA,CISPLATIN,DB00515,5460033
PCGEM1,lncRNA,DOXORUBICIN,DB00997,31703
PCGEM1,lncRNA,CISPLATIN,DB00515,5460033
PCGEM1,lncRNA,BAICALEIN,DB16101,5281605
PCGEM1,lncRNA,OXALIPLATIN,DB00526,6857599
PCOLCE-AS1,lncRNA,CISPLATIN,DB00515,5460033
PCOLCE-AS1,lncRNA,TAMOXIFEN,DB00675,2733525
PDZRN3-AS1,lncRNA,CISPLATIN,DB00515,5460033
PGM5-AS1,lncRNA,OXALIPLATIN,DB00526,6857599
PGM5P2,lncRNA,TEMOZOLOMIDE,DB00853,5394
PICART1,lncRNA,GEMCITABINE,DB00441,60750
PITPNA-AS1,lncRNA,OXALIPLATIN,DB00526,6857599
PITPNA-AS1,lncRNA,FLUOROURACIL,DB00544,3385
PLA2G4C-AS1,lncRNA,VINCRISTINE,DB00541,5978
PLEKHA8P1,lncRNA,FLUOROURACIL,DB00544,3385
POU6F2-AS1,lncRNA,GEMCITABINE,DB00441,60750
POU6F2-AS2,lncRNA,FLUOROURACIL,DB00544,3385
POU6F2-AS2,lncRNA,CISPLATIN,DB00515,5460033
PRAL,lncRNA,BORTEZOMIB,DB00188,387447
PRKAG2-AS1,lncRNA,CISPLATIN,DB00515,5460033
PRKAG2-AS1,lncRNA,GEMCITABINE,DB00441,60750
PRKAR1B-AS2,lncRNA,CISPLATIN,DB00515,5460033
PRKCQ-AS1,lncRNA,TEMOZOLOMIDE,DB00853,5394
PRNCR1,lncRNA,SORAFENIB,DB00398,216239
PRR7-AS1,lncRNA,GEMCITABINE,DB00441,60750
PRRT3-AS1,lncRNA,PACLITAXEL,DB01229,36314
PRRT3-AS1,lncRNA,TEMOZOLOMIDE,DB00853,5394
PSMB8-AS1,lncRNA,CISPLATIN,DB00515,5460033
PSMG3-AS1,lncRNA,DOXORUBICIN,DB00997,31703
PSORS1C3,lncRNA,CISPLATIN,DB00515,5460033
PSORS1C3,lncRNA,GEMCITABINE,DB00441,60750
PTCSC3,lncRNA,DOXORUBICIN,DB00997,31703
PTENP1,lncRNA,DOXORUBICIN,DB00997,31703
PTOV1-AS1,lncRNA,CISPLATIN,DB00515,5460033
PTPRG-AS1,lncRNA,GEMCITABINE,DB00441,60750
PVT1,lncRNA,GEMCITABINE,DB00441,60750
PVT1,lncRNA,PACLITAXEL,DB01229,36314
PVT1,lncRNA,CISPLATIN,DB00515,5460033
PVT1,lncRNA,TEMOZOLOMIDE,DB00853,5394
PVT1,lncRNA,FLUOROURACIL,DB00544,3385
PVT1,lncRNA,DOXORUBICIN,DB00997,31703
PVT1,lncRNA,OXALIPLATIN,DB00526,6857599
PWAR5,lncRNA,OXALIPLATIN,DB00526,6857599
PWAR5,lncRNA,FLUOROURACIL,DB00544,3385
PWRN1,lncRNA,CISPLATIN,DB00515,5460033
PXN-AS1,lncRNA,CISPLATIN,DB00515,5460033
PXN-AS1,lncRNA,FLUOROURACIL,DB00544,3385
PXN-AS1,lncRNA,OXALIPLATIN,DB00526,6857599
RAB11B-AS1,lncRNA,GEMCITABINE,DB00441,60750
RAMP2-AS1,lncRNA,METHOTREXATE,DB00563,126941
RARA-AS1,lncRNA,FLUOROURACIL,DB00544,3385
RARA-AS1,lncRNA,OXALIPLATIN,DB00526,6857599
RASGRF2-AS1,lncRNA,CISPLATIN,DB00515,5460033
RASSF8-AS1,lncRNA,GEFITINIB,DB00317,123631
RASSF8-AS1,lncRNA,DOXORUBICIN,DB00997,31703
RASSF8-AS1,lncRNA,CISPLATIN,DB00515,5460033
RASSF8-AS1,lncRNA,METHOTREXATE,DB00563,126941
RASSF8-AS1,lncRNA,LAPATINIB,DB01259,208908
RBM26-AS1,lncRNA,GEFITINIB,DB00317,123631
RBM26-AS1,lncRNA,TEMOZOLOMIDE,DB00853,5394
RFPL1S,lncRNA,PACLITAXEL,DB01229,36314
RFPL1S,lncRNA,CISPLATIN,DB00515,5460033
RFPL3S,lncRNA,DOXORUBICIN,DB00997,31703
RGMB-AS1,lncRNA,GEMCITABINE,DB00441,60750
RHOA-IT1,lncRNA,OXALIPLATIN,DB00526,6857599
RHOA-IT1,lncRNA,FLUOROURACIL,DB00544,3385
RHPN1-AS1,lncRNA,GEFITINIB,DB00317,123631
RHPN1-AS1,lncRNA,CISPLATIN,DB00515,5460033
RMST,lncRNA,CISPLATIN,DB00515,5460033
RMST,lncRNA,PACLITAXEL,DB01229,36314
RMST,lncRNA,GEMCITABINE,DB00441,60750
RNF157-AS1,lncRNA,GEMCITABINE,DB00441,60750
RNU6ATAC35P,lncRNA,FLUOROURACIL,DB00544,3385
RNU6ATAC35P,lncRNA,OXALIPLATIN,DB00526,6857599
ROR1-AS1,lncRNA,GEMCITABINE,DB00441,60750
RRN3P2,lncRNA,GEMCITABINE,DB00441,60750
RUNDC3A-AS1,lncRNA,GEMCITABINE,DB00441,60750
RUNX2-AS1,lncRNA,CISPLATIN,DB00515,5460033
RUVBL1-AS1,lncRNA,CISPLATIN,DB00515,5460033
SAMD12-AS1,lncRNA,SORAFENIB,DB00398,216239
SAMMSON,lncRNA,VEMURAFENIB,DB08881,42611257
SAPCD1-AS1,lncRNA,GEMCITABINE,DB00441,60750
SAPCD1-AS1,lncRNA,FLUOROURACIL,DB00544,3385
SAPCD1-AS1,lncRNA,OXALIPLATIN,DB00526,6857599
SATB1-AS1,lncRNA,CYTARABINE,DB00987,6253
SATB1-AS1,lncRNA,DOXORUBICIN,DB00997,31703
SBF2-AS1,lncRNA,TEMOZOLOMIDE,DB00853,5394
SBF2-AS1,lncRNA,GEMCITABINE,DB00441,60750
SBF2-AS1,lncRNA,OXALIPLATIN,DB00526,6857599
SBF2-AS1,lncRNA,FLUOROURACIL,DB00544,3385
SCARNA9,lncRNA,FLUOROURACIL,DB00544,3385
SCARNA9,lncRNA,OXALIPLATIN,DB00526,6857599
SCOC-AS1,lncRNA,TEMOZOLOMIDE,DB00853,5394
SDHAP1,lncRNA,PACLITAXEL,DB01229,36314
SDHAP1,lncRNA,CISPLATIN,DB00515,5460033
SEMA3B-AS1,lncRNA,OXALIPLATIN,DB00526,6857599
SEMA3B-AS1,lncRNA,FLUOROURACIL,DB00544,3385
SERPINB9P1,lncRNA,DOXORUBICIN,DB00997,31703
SERTAD4-AS1,lncRNA,TAMOXIFEN,DB00675,2733525
SERTAD4-AS1,lncRNA,GEMCITABINE,DB00441,60750
SFTA1P,lncRNA,GEFITINIB,DB00317,123631
SFTA1P,lncRNA,TEMOZOLOMIDE,DB00853,5394
SH3PXD2A-AS1,lncRNA,GEMCITABINE,DB00441,60750
SLC12A9-AS1,lncRNA,GEMCITABINE,DB00441,60750
SLC16A1-AS1,lncRNA,DOXORUBICIN,DB00997,31703
SLC25A21-AS1,lncRNA,CISPLATIN,DB00515,5460033
SLC25A21-AS1,lncRNA,PACLITAXEL,DB01229,36314
SLC6A10P,lncRNA,GEMCITABINE,DB00441,60750
SLC7A11-AS1,lncRNA,GEMCITABINE,DB00441,60750
SLCO4A1-AS1,lncRNA,CISPLATIN,DB00515,5460033
SLCO4A1-AS1,lncRNA,GEMCITABINE,DB00441,60750
SLX1A-SULT1A3,lncRNA,CRIZOTINIB,DB08865,11626560
SLX1A-SULT1A3,lncRNA,FLUOROURACIL,DB00544,3385
SLX1A-SULT1A3,lncRNA,OXALIPLATIN,DB00526,6857599
SLX1B-SULT1A4,lncRNA,CRIZOTINIB,DB08865,11626560
SMIM2-AS1,lncRNA,GEMCITABINE,DB00441,60750
SNAI3-AS1,lncRNA,GEFITINIB,DB00317,123631
SNHG1,lncRNA,CRIZOTINIB,DB08865,11626560
SNHG1,lncRNA,TEMOZOLOMIDE,DB00853,5394
SNHG1,lncRNA,SORAFENIB,DB00398,216239
SNHG1,lncRNA,CISPLATIN,DB00515,5460033
SNHG1,lncRNA,PACLITAXEL,DB01229,36314
SNHG1,lncRNA,LENVATINIB,DB09078,9823820
SNHG10,lncRNA,DOXORUBICIN,DB00997,31703
SNHG10,lncRNA,TEMOZOLOMIDE,DB00853,5394
SNHG10,lncRNA,TAMOXIFEN,DB00675,2733525
SNHG10,lncRNA,DOCETAXEL,DB01248,148124
SNHG12,lncRNA,DOXORUBICIN,DB00997,31703
SNHG12,lncRNA,CISPLATIN,DB00515,5460033
SNHG12,lncRNA,TEMOZOLOMIDE,DB00853,5394
SNHG12,lncRNA,SUNITINIB,DB01268,5329102
SNHG14,lncRNA,GEFITINIB,DB00317,123631
SNHG14,lncRNA,GEMCITABINE,DB00441,60750
SNHG14,lncRNA,CISPLATIN,DB00515,5460033
SNHG15,lncRNA,CYCLOHEXIMIDE,NA,6197
SNHG15,lncRNA,FLUOROURACIL,DB00544,3385
SNHG15,lncRNA,TEMOZOLOMIDE,DB00853,5394
SNHG16,lncRNA,SORAFENIB,DB00398,216239
SNHG16,lncRNA,PACLITAXEL,DB01229,36314
SNHG16,lncRNA,CISPLATIN,DB00515,5460033
SNHG17,lncRNA,CRIZOTINIB,DB08865,11626560
SNHG17,lncRNA,DOXORUBICIN,DB00997,31703
SNHG20,lncRNA,FLUOROURACIL,DB00544,3385
SNHG20,lncRNA,OXALIPLATIN,DB00526,6857599
SNHG21,lncRNA,OXALIPLATIN,DB00526,6857599
SNHG21,lncRNA,FLUOROURACIL,DB00544,3385
SNHG22,lncRNA,CISPLATIN,DB00515,5460033
SNHG22,lncRNA,PACLITAXEL,DB01229,36314
SNHG3,lncRNA,SORAFENIB,DB00398,216239
SNHG3,lncRNA,CISPLATIN,DB00515,5460033
SNHG4,lncRNA,DOXORUBICIN,DB00997,31703
SNHG5,lncRNA,TEMOZOLOMIDE,DB00853,5394
SNHG5,lncRNA,CISPLATIN,DB00515,5460033
SNHG5,lncRNA,PACLITAXEL,DB01229,36314
SNHG5,lncRNA,GEFITINIB,DB00317,123631
SNHG5,lncRNA,DOXORUBICIN,DB00997,31703
SNHG5,lncRNA,OXALIPLATIN,DB00526,6857599
SNHG5,lncRNA,FLUOROURACIL,DB00544,3385
SNHG6,lncRNA,CRIZOTINIB,DB08865,11626560
SNHG6,lncRNA,PACLITAXEL,DB01229,36314
SNHG6,lncRNA,CISPLATIN,DB00515,5460033
SNHG7,lncRNA,TEMOZOLOMIDE,DB00853,5394
SNHG7,lncRNA,CISPLATIN,DB00515,5460033
SNHG7,lncRNA,DOXORUBICIN,DB00997,31703
SNHG7,lncRNA,PACLITAXEL,DB01229,36314
SNHG7,lncRNA,GEMCITABINE,DB00441,60750
SNHG7,lncRNA,DOCETAXEL,DB01248,148124
SNHG8,lncRNA,GEMCITABINE,DB00441,60750
SNHG8,lncRNA,CISPLATIN,DB00515,5460033
SNHG9,lncRNA,GEFITINIB,DB00317,123631
SNHG9,lncRNA,CISPLATIN,DB00515,5460033
SOCS2-AS1,lncRNA,DOCETAXEL,DB01248,148124
SOCS2-AS1,lncRNA,TEMOZOLOMIDE,DB00853,5394
SORCS3-AS1,lncRNA,CISPLATIN,DB00515,5460033
SORCS3-AS1,lncRNA,PACLITAXEL,DB01229,36314
SOX2-OT,lncRNA,CISPLATIN,DB00515,5460033
SOX2-OT,lncRNA,ERLOTINIB,DB00530,176870
SOX2-OT,lncRNA,TEMOZOLOMIDE,DB00853,5394
SOX21-AS1,lncRNA,CISPLATIN,DB00515,5460033
SOX21-AS1,lncRNA,GEMCITABINE,DB00441,60750
SOX9-AS1,lncRNA,GEMCITABINE,DB00441,60750
SPATA3-AS1,lncRNA,GEMCITABINE,DB00441,60750
SPATA3-AS1,lncRNA,DOXORUBICIN,DB00997,31703
SPATA41,lncRNA,GEMCITABINE,DB00441,60750
SPINT1-AS1,lncRNA,LAPATINIB,DB01259,208908
SPINT1-AS1,lncRNA,GEMCITABINE,DB00441,60750
SPRY4-AS1,lncRNA,GEMCITABINE,DB00441,60750
SRGAP3-AS2,lncRNA,CISPLATIN,DB00515,5460033
SSTR5-AS1,lncRNA,GEMCITABINE,DB00441,60750
ST8SIA6-AS1,lncRNA,DOXORUBICIN,DB00997,31703
STARD4-AS1,lncRNA,ERLOTINIB,DB00530,176870
STAU2-AS1,lncRNA,GEMCITABINE,DB00441,60750
STK24-AS1,lncRNA,CISPLATIN,DB00515,5460033
STK32A-AS1,lncRNA,GEMCITABINE,DB00441,60750
STPG3-AS1,lncRNA,OXALIPLATIN,DB00526,6857599
STPG3-AS1,lncRNA,FLUOROURACIL,DB00544,3385
SVIL-AS1,lncRNA,CISPLATIN,DB00515,5460033
SYNPR-AS1,lncRNA,GEMCITABINE,DB00441,60750
SZT2-AS1,lncRNA,GEMCITABINE,DB00441,60750
TAF1A-AS1,lncRNA,CISPLATIN,DB00515,5460033
TAT-AS1,lncRNA,GEMCITABINE,DB00441,60750
TBC1D3P1-DHX40P1,lncRNA,GEFITINIB,DB00317,123631
TDRG1,lncRNA,TEMOZOLOMIDE,DB00853,5394
TDRKH-AS1,lncRNA,OXALIPLATIN,DB00526,6857599
TDRKH-AS1,lncRNA,FLUOROURACIL,DB00544,3385
TESC-AS1,lncRNA,GEMCITABINE,DB00441,60750
TEX26-AS1,lncRNA,CISPLATIN,DB00515,5460033
TFAP2A-AS1,lncRNA,GEMCITABINE,DB00441,60750
TGFB2-AS1,lncRNA,GEMCITABINE,DB00441,60750
THAP9-AS1,lncRNA,CISPLATIN,DB00515,5460033
THRB-AS1,lncRNA,GEMCITABINE,DB00441,60750
THRIL,lncRNA,CISPLATIN,DB00515,5460033
TLR8-AS1,lncRNA,CARBOPLATIN,DB00958,38904
TM4SF1-AS1,lncRNA,GEMCITABINE,DB00441,60750
TMC3-AS1,lncRNA,GEMCITABINE,DB00441,60750
TMC3-AS1,lncRNA,CISPLATIN,DB00515,5460033
TMEM147-AS1,lncRNA,OXALIPLATIN,DB00526,6857599
TMEM147-AS1,lncRNA,FLUOROURACIL,DB00544,3385
TMEM198B,lncRNA,FLUOROURACIL,DB00544,3385
TMEM198B,lncRNA,OXALIPLATIN,DB00526,6857599
TMEM220-AS1,lncRNA,GEMCITABINE,DB00441,60750
TMEM51-AS1,lncRNA,GEMCITABINE,DB00441,60750
TMEM72-AS1,lncRNA,GEMCITABINE,DB00441,60750
TMEM92-AS1,lncRNA,CISPLATIN,DB00515,5460033
TMLHE-AS1,lncRNA,CISPLATIN,DB00515,5460033
TMPO-AS1,lncRNA,FLUOROURACIL,DB00544,3385
TMPO-AS1,lncRNA,PROPOFOL,DB00818,4943
TOB1-AS1,lncRNA,CISPLATIN,DB00515,5460033
TP53TG1,lncRNA,CISPLATIN,DB00515,5460033
TP53TG1,lncRNA,TEMOZOLOMIDE,DB00853,5394
TP53TG1,lncRNA,PACLITAXEL,DB01229,36314
TP53TG1,lncRNA,DOXORUBICIN,DB00997,31703
TPRG1-AS1,lncRNA,GEMCITABINE,DB00441,60750
TPRG1-AS1,lncRNA,OXALIPLATIN,DB00526,6857599
TPRG1-AS1,lncRNA,FLUOROURACIL,DB00544,3385
TPT1-AS1,lncRNA,CRIZOTINIB,DB08865,11626560
TPT1-AS1,lncRNA,PACLITAXEL,DB01229,36314
TRAM2-AS1,lncRNA,GEFITINIB,DB00317,123631
TRERNA1,lncRNA,SORAFENIB,DB00398,216239
TRHDE-AS1,lncRNA,CRIZOTINIB,DB08865,11626560
TRPM2-AS,lncRNA,CISPLATIN,DB00515,5460033
TTC28-AS1,lncRNA,TEMOZOLOMIDE,DB00853,5394
TTC39A-AS1,lncRNA,GEMCITABINE,DB00441,60750
TTC39C-AS1,lncRNA,CISPLATIN,DB00515,5460033
TTN-AS1,lncRNA,CISPLATIN,DB00515,5460033
TTN-AS1,lncRNA,SORAFENIB,DB00398,216239
TTTY9B,lncRNA,CISPLATIN,DB00515,5460033
TUSC7,lncRNA,FLUOROURACIL,DB00544,3385
TUSC7,lncRNA,PACLITAXEL,DB01229,36314
TUSC7,lncRNA,CISPLATIN,DB00515,5460033
TUSC7,lncRNA,TEMOZOLOMIDE,DB00853,5394
TUSC8,lncRNA,GEMCITABINE,DB00441,60750
TUSC8,lncRNA,CISPLATIN,DB00515,5460033
U47924.3,lncRNA,GEMCITABINE,DB00441,60750
U91324.1,lncRNA,GEMCITABINE,DB00441,60750
UBE2Q1-AS1,lncRNA,GEMCITABINE,DB00441,60750
UCA1,lncRNA,CISPLATIN,DB00515,5460033
UCA1,lncRNA,FLUOROURACIL,DB00544,3385
UCA1,lncRNA,GEMCITABINE,DB00441,60750
UCA1,lncRNA,TAMOXIFEN,DB00675,2733525
UCA1,lncRNA,DOXORUBICIN,DB00997,31703
UCA1,lncRNA,GEFITINIB,DB00317,123631
UCA1,lncRNA,PACLITAXEL,DB01229,36314
UCA1,lncRNA,SIROLIMUS,DB00877,5284616
UCA1,lncRNA,LAPATINIB,DB01259,208908
UCA1,lncRNA,CARBOPLATIN,DB00958,38904
UCA1,lncRNA,ETOPOSIDE,DB00773,36462
UCA1,lncRNA,VINCRISTINE,DB00541,5978
UCA1,lncRNA,OXALIPLATIN,DB00526,6857599
UCA1,lncRNA,DAUNORUBICIN,DB00694,30323
UNC5B-AS1,lncRNA,GEMCITABINE,DB00441,60750
USP30-AS1,lncRNA,GEMCITABINE,DB00441,60750
VAC14-AS1,lncRNA,GEMCITABINE,DB00441,60750
VCAN-AS1,lncRNA,GEMCITABINE,DB00441,60750
VIM-AS1,lncRNA,GEMCITABINE,DB00441,60750
VPS9D1-AS1,lncRNA,TEMOZOLOMIDE,DB00853,5394
WARS2-IT1,lncRNA,GEMCITABINE,DB00441,60750
WDFY3-AS2,lncRNA,CISPLATIN,DB00515,5460033
WDR86-AS1,lncRNA,CISPLATIN,DB00515,5460033
WFDC21P,lncRNA,GEMCITABINE,DB00441,60750
WT1-AS,lncRNA,TEMOZOLOMIDE,DB00853,5394
XACT,lncRNA,DOXORUBICIN,DB00997,31703
XIST,lncRNA,PACLITAXEL,DB01229,36314
XIST,lncRNA,ABEXINOSTAT,DB12565,11749858
XIST,lncRNA,TEMOZOLOMIDE,DB00853,5394
XIST,lncRNA,CISPLATIN,DB00515,5460033
XIST,lncRNA,OXALIPLATIN,DB00526,6857599
XIST,lncRNA,CERITINIB,DB09063,57379345
XIST,lncRNA,CRIZOTINIB,DB08865,11626560
XIST,lncRNA,MITOMYCIN C,DB00305,5746
XIST,lncRNA,FLUOROURACIL,DB00544,3385
XIST,lncRNA,DOXORUBICIN,DB00997,31703
XIST,lncRNA,VINCRISTINE,DB00541,5978
XXYLT1-AS2,lncRNA,GEMCITABINE,DB00441,60750
Z69706.1,lncRNA,OXALIPLATIN,DB00526,6857599
Z69706.1,lncRNA,FLUOROURACIL,DB00544,3385
Z92544.2,lncRNA,GEMCITABINE,DB00441,60750
Z97200.1,lncRNA,GEMCITABINE,DB00441,60750
Z97653.1,lncRNA,GEMCITABINE,DB00441,60750
Z98884.1,lncRNA,GEMCITABINE,DB00441,60750
ZEB1-AS1,lncRNA,PACLITAXEL,DB01229,36314
ZEB1-AS1,lncRNA,CISPLATIN,DB00515,5460033
ZEB1-AS1,lncRNA,GEMCITABINE,DB00441,60750
ZEB1-AS1,lncRNA,DOXORUBICIN,DB00997,31703
ZEB1-AS1,lncRNA,URSOLIC ACID,DB15588,64945
ZFAS1,lncRNA,CRIZOTINIB,DB08865,11626560
ZFAS1,lncRNA,PACLITAXEL,DB01229,36314
ZFAS1,lncRNA,CISPLATIN,DB00515,5460033
ZFAS1,lncRNA,DOXORUBICIN,DB00997,31703
ZFAS1,lncRNA,GEMCITABINE,DB00441,60750
ZFHX4-AS1,lncRNA,TEMOZOLOMIDE,DB00853,5394
ZMIZ1-AS1,lncRNA,GEMCITABINE,DB00441,60750
ZNF37BP,lncRNA,TEMOZOLOMIDE,DB00853,5394
ZNF385D-AS2,lncRNA,CISPLATIN,DB00515,5460033
ZNF503-AS1,lncRNA,TAMOXIFEN,DB00675,2733525
ZNF503-AS2,lncRNA,CISPLATIN,DB00515,5460033
ZNF528-AS1,lncRNA,GEMCITABINE,DB00441,60750
ZNF667-AS1,lncRNA,CISPLATIN,DB00515,5460033
ZNF667-AS1,lncRNA,PACLITAXEL,DB01229,36314
ZNF667-AS1,lncRNA,LAPATINIB,DB01259,208908
ZNF667-AS1,lncRNA,TEMOZOLOMIDE,DB00853,5394
ZNF702P,lncRNA,TEMOZOLOMIDE,DB00853,5394
ZNF767P,lncRNA,FLUOROURACIL,DB00544,3385
ZNF767P,lncRNA,OXALIPLATIN,DB00526,6857599
